ts,stage,epoch,step,loss
"2026-07-02 17:11:17,457",1,1,20,1.4128
"2026-07-02 17:11:18,179",1,1,40,1.298
"2026-07-02 17:11:18,922",1,1,60,1.2447
"2026-07-02 17:11:19,722",1,1,80,1.2202
"2026-07-02 17:11:20,519",1,1,100,1.1956
"2026-07-02 17:11:21,318",1,1,120,1.1721
"2026-07-02 17:11:22,116",1,1,140,1.1568
"2026-07-02 17:11:22,914",1,1,160,1.1407
"2026-07-02 17:11:23,743",1,1,180,1.1291
"2026-07-02 17:11:24,613",1,1,200,1.1215
"2026-07-02 17:11:25,491",1,1,220,1.1127
"2026-07-02 17:11:26,369",1,1,240,1.1033
"2026-07-02 17:11:27,248",1,1,260,1.1001
"2026-07-02 17:11:28,123",1,1,280,1.0988
"2026-07-02 17:11:29,003",1,1,300,1.0937
"2026-07-02 17:11:29,880",1,1,320,1.0868
"2026-07-02 17:11:30,759",1,1,340,1.0824
"2026-07-02 17:11:31,638",1,1,360,1.0773
"2026-07-02 17:11:32,516",1,1,380,1.0733
"2026-07-02 17:11:33,395",1,1,400,1.0679
"2026-07-02 17:11:34,274",1,1,420,1.0643
"2026-07-02 17:11:35,152",1,1,440,1.0582
"2026-07-02 17:11:36,771",1,2,20,0.9646
"2026-07-02 17:11:37,500",1,2,40,0.9683
"2026-07-02 17:11:38,230",1,2,60,0.9832
"2026-07-02 17:11:38,958",1,2,80,0.9828
"2026-07-02 17:11:39,729",1,2,100,0.9724
"2026-07-02 17:11:40,526",1,2,120,0.9746
"2026-07-02 17:11:41,326",1,2,140,0.9685
"2026-07-02 17:11:42,127",1,2,160,0.9719
"2026-07-02 17:11:42,925",1,2,180,0.9689
"2026-07-02 17:11:43,778",1,2,200,0.9688
"2026-07-02 17:11:44,616",1,2,220,0.9731
"2026-07-02 17:11:45,464",1,2,240,0.974
"2026-07-02 17:11:46,342",1,2,260,0.9752
"2026-07-02 17:11:47,214",1,2,280,0.9741
"2026-07-02 17:11:48,093",1,2,300,0.9734
"2026-07-02 17:11:48,972",1,2,320,0.9716
"2026-07-02 17:11:49,850",1,2,340,0.9718
"2026-07-02 17:11:50,729",1,2,360,0.9717
"2026-07-02 17:11:51,608",1,2,380,0.9677
"2026-07-02 17:11:52,487",1,2,400,0.9687
"2026-07-02 17:11:53,368",1,2,420,0.9663
"2026-07-02 17:11:54,246",1,2,440,0.9695
"2026-07-02 17:11:55,863",1,3,20,0.9643
"2026-07-02 17:11:56,655",1,3,40,0.9699
"2026-07-02 17:11:57,455",1,3,60,0.9551
"2026-07-02 17:11:58,306",1,3,80,0.9499
"2026-07-02 17:11:59,186",1,3,100,0.9516
"2026-07-02 17:12:00,066",1,3,120,0.9505
"2026-07-02 17:12:00,947",1,3,140,0.9544
"2026-07-02 17:12:01,825",1,3,160,0.954
"2026-07-02 17:12:02,705",1,3,180,0.9512
"2026-07-02 17:12:03,585",1,3,200,0.9503
"2026-07-02 17:12:04,468",1,3,220,0.9463
"2026-07-02 17:12:05,318",1,3,240,0.9442
"2026-07-02 17:12:06,125",1,3,260,0.9492
"2026-07-02 17:12:06,933",1,3,280,0.9509
"2026-07-02 17:12:07,807",1,3,300,0.9515
"2026-07-02 17:12:08,685",1,3,320,0.953
"2026-07-02 17:12:09,564",1,3,340,0.9504
"2026-07-02 17:12:10,443",1,3,360,0.9497
"2026-07-02 17:12:11,323",1,3,380,0.9495
"2026-07-02 17:12:12,201",1,3,400,0.9488
"2026-07-02 17:12:13,081",1,3,420,0.9485
"2026-07-02 17:12:13,959",1,3,440,0.9487
"2026-07-02 17:12:15,573",1,4,20,0.9427
"2026-07-02 17:12:16,361",1,4,40,0.9313
"2026-07-02 17:12:17,163",1,4,60,0.9425
"2026-07-02 17:12:18,000",1,4,80,0.9429
"2026-07-02 17:12:18,839",1,4,100,0.9441
"2026-07-02 17:12:19,717",1,4,120,0.9399
"2026-07-02 17:12:20,593",1,4,140,0.9342
"2026-07-02 17:12:21,471",1,4,160,0.9383
"2026-07-02 17:12:22,349",1,4,180,0.9377
"2026-07-02 17:12:23,228",1,4,200,0.9373
"2026-07-02 17:12:24,109",1,4,220,0.9333
"2026-07-02 17:12:24,988",1,4,240,0.9307
"2026-07-02 17:12:25,867",1,4,260,0.9312
"2026-07-02 17:12:26,748",1,4,280,0.9352
"2026-07-02 17:12:27,625",1,4,300,0.9378
"2026-07-02 17:12:28,498",1,4,320,0.9379
"2026-07-02 17:12:29,376",1,4,340,0.9377
"2026-07-02 17:12:30,254",1,4,360,0.9364
"2026-07-02 17:12:31,133",1,4,380,0.9337
"2026-07-02 17:12:32,012",1,4,400,0.9334
"2026-07-02 17:12:32,891",1,4,420,0.9333
"2026-07-02 17:12:33,765",1,4,440,0.9334
"2026-07-02 17:12:35,378",1,5,20,0.9276
"2026-07-02 17:12:36,168",1,5,40,0.9378
"2026-07-02 17:12:36,970",1,5,60,0.9251
"2026-07-02 17:12:37,814",1,5,80,0.9261
"2026-07-02 17:12:38,698",1,5,100,0.9285
"2026-07-02 17:12:39,580",1,5,120,0.9298
"2026-07-02 17:12:40,462",1,5,140,0.9298
"2026-07-02 17:12:41,345",1,5,160,0.9292
"2026-07-02 17:12:42,206",1,5,180,0.9291
"2026-07-02 17:12:43,086",1,5,200,0.9261
"2026-07-02 17:12:43,967",1,5,220,0.9246
"2026-07-02 17:12:44,846",1,5,240,0.9201
"2026-07-02 17:12:45,725",1,5,260,0.9171
"2026-07-02 17:12:46,593",1,5,280,0.9205
"2026-07-02 17:12:47,473",1,5,300,0.922
"2026-07-02 17:12:48,345",1,5,320,0.9219
"2026-07-02 17:12:49,188",1,5,340,0.923
"2026-07-02 17:12:50,068",1,5,360,0.9245
"2026-07-02 17:12:50,947",1,5,380,0.9237
"2026-07-02 17:12:51,827",1,5,400,0.9262
"2026-07-02 17:12:52,707",1,5,420,0.9253
"2026-07-02 17:12:53,588",1,5,440,0.9255
"2026-07-02 17:12:55,200",1,6,20,0.8805
"2026-07-02 17:12:55,952",1,6,40,0.8994
"2026-07-02 17:12:56,746",1,6,60,0.9005
"2026-07-02 17:12:57,549",1,6,80,0.8982
"2026-07-02 17:12:58,346",1,6,100,0.9097
"2026-07-02 17:12:59,148",1,6,120,0.9068
"2026-07-02 17:12:59,945",1,6,140,0.9092
"2026-07-02 17:13:00,745",1,6,160,0.9091
"2026-07-02 17:13:01,543",1,6,180,0.9116
"2026-07-02 17:13:02,358",1,6,200,0.9128
"2026-07-02 17:13:03,237",1,6,220,0.9105
"2026-07-02 17:13:04,117",1,6,240,0.9129
"2026-07-02 17:13:04,999",1,6,260,0.9134
"2026-07-02 17:13:05,879",1,6,280,0.9114
"2026-07-02 17:13:06,758",1,6,300,0.9125
"2026-07-02 17:13:07,638",1,6,320,0.9127
"2026-07-02 17:13:08,517",1,6,340,0.9128
"2026-07-02 17:13:09,398",1,6,360,0.9127
"2026-07-02 17:13:10,277",1,6,380,0.9139
"2026-07-02 17:13:11,157",1,6,400,0.9153
"2026-07-02 17:13:12,036",1,6,420,0.9168
"2026-07-02 17:13:12,916",1,6,440,0.9184
"2026-07-02 17:13:14,529",1,7,20,0.9272
"2026-07-02 17:13:15,319",1,7,40,0.9264
"2026-07-02 17:13:16,125",1,7,60,0.9364
"2026-07-02 17:13:17,004",1,7,80,0.9216
"2026-07-02 17:13:17,885",1,7,100,0.9203
"2026-07-02 17:13:18,765",1,7,120,0.92
"2026-07-02 17:13:19,640",1,7,140,0.9192
"2026-07-02 17:13:20,519",1,7,160,0.9165
"2026-07-02 17:13:21,398",1,7,180,0.9103
"2026-07-02 17:13:22,277",1,7,200,0.9061
"2026-07-02 17:13:23,119",1,7,220,0.9073
"2026-07-02 17:13:23,988",1,7,240,0.911
"2026-07-02 17:13:24,860",1,7,260,0.9116
"2026-07-02 17:13:25,742",1,7,280,0.9112
"2026-07-02 17:13:26,617",1,7,300,0.9139
"2026-07-02 17:13:27,496",1,7,320,0.9148
"2026-07-02 17:13:28,363",1,7,340,0.9137
"2026-07-02 17:13:29,242",1,7,360,0.9156
"2026-07-02 17:13:30,122",1,7,380,0.9126
"2026-07-02 17:13:31,001",1,7,400,0.9119
"2026-07-02 17:13:31,881",1,7,420,0.9119
"2026-07-02 17:13:32,760",1,7,440,0.9115
"2026-07-02 17:13:34,374",1,8,20,0.9329
"2026-07-02 17:13:35,101",1,8,40,0.9274
"2026-07-02 17:13:35,866",1,8,60,0.9277
"2026-07-02 17:13:36,664",1,8,80,0.9171
"2026-07-02 17:13:37,469",1,8,100,0.9201
"2026-07-02 17:13:38,343",1,8,120,0.9192
"2026-07-02 17:13:39,222",1,8,140,0.9191
"2026-07-02 17:13:40,096",1,8,160,0.9217
"2026-07-02 17:13:40,977",1,8,180,0.9216
"2026-07-02 17:13:41,856",1,8,200,0.923
"2026-07-02 17:13:42,736",1,8,220,0.9197
"2026-07-02 17:13:43,617",1,8,240,0.9158
"2026-07-02 17:13:44,498",1,8,260,0.9152
"2026-07-02 17:13:45,379",1,8,280,0.9117
"2026-07-02 17:13:46,260",1,8,300,0.9101
"2026-07-02 17:13:47,138",1,8,320,0.9055
"2026-07-02 17:13:48,016",1,8,340,0.9068
"2026-07-02 17:13:48,896",1,8,360,0.9071
"2026-07-02 17:13:49,777",1,8,380,0.9046
"2026-07-02 17:13:50,622",1,8,400,0.9043
"2026-07-02 17:13:51,482",1,8,420,0.9045
"2026-07-02 17:13:52,361",1,8,440,0.9038
"2026-07-02 17:13:53,976",1,9,20,0.8816
"2026-07-02 17:13:54,776",1,9,40,0.8881
"2026-07-02 17:13:55,655",1,9,60,0.8883
"2026-07-02 17:13:56,536",1,9,80,0.8922
"2026-07-02 17:13:57,418",1,9,100,0.9025
"2026-07-02 17:13:58,298",1,9,120,0.9063
"2026-07-02 17:13:59,180",1,9,140,0.9108
"2026-07-02 17:14:00,062",1,9,160,0.9031
"2026-07-02 17:14:00,944",1,9,180,0.899
"2026-07-02 17:14:01,824",1,9,200,0.8982
"2026-07-02 17:14:02,703",1,9,220,0.8968
"2026-07-02 17:14:03,568",1,9,240,0.8951
"2026-07-02 17:14:04,448",1,9,260,0.8963
"2026-07-02 17:14:05,328",1,9,280,0.8977
"2026-07-02 17:14:06,207",1,9,300,0.8995
"2026-07-02 17:14:07,085",1,9,320,0.9001
"2026-07-02 17:14:07,965",1,9,340,0.8995
"2026-07-02 17:14:08,844",1,9,360,0.9
"2026-07-02 17:14:09,723",1,9,380,0.8983
"2026-07-02 17:14:10,602",1,9,400,0.8992
"2026-07-02 17:14:11,481",1,9,420,0.8991
"2026-07-02 17:14:12,358",1,9,440,0.8995
"2026-07-02 17:14:13,978",1,10,20,0.9007
"2026-07-02 17:14:14,771",1,10,40,0.8693
"2026-07-02 17:14:15,569",1,10,60,0.8834
"2026-07-02 17:14:16,374",1,10,80,0.8975
"2026-07-02 17:14:17,141",1,10,100,0.8992
"2026-07-02 17:14:17,924",1,10,120,0.8969
"2026-07-02 17:14:18,735",1,10,140,0.8954
"2026-07-02 17:14:19,611",1,10,160,0.8943
"2026-07-02 17:14:20,487",1,10,180,0.8958
"2026-07-02 17:14:21,365",1,10,200,0.8934
"2026-07-02 17:14:22,244",1,10,220,0.8952
"2026-07-02 17:14:23,123",1,10,240,0.8962
"2026-07-02 17:14:24,004",1,10,260,0.8956
"2026-07-02 17:14:24,884",1,10,280,0.8952
"2026-07-02 17:14:25,764",1,10,300,0.8959
"2026-07-02 17:14:26,645",1,10,320,0.8959
"2026-07-02 17:14:27,517",1,10,340,0.8951
"2026-07-02 17:14:28,397",1,10,360,0.8959
"2026-07-02 17:14:29,235",1,10,380,0.8968
"2026-07-02 17:14:30,103",1,10,400,0.8969
"2026-07-02 17:14:30,983",1,10,420,0.8963
"2026-07-02 17:14:31,864",1,10,440,0.896
"2026-07-02 17:14:33,480",1,11,20,0.9277
"2026-07-02 17:14:34,270",1,11,40,0.8855
"2026-07-02 17:14:35,080",1,11,60,0.8702
"2026-07-02 17:14:35,960",1,11,80,0.8802
"2026-07-02 17:14:36,840",1,11,100,0.8746
"2026-07-02 17:14:37,702",1,11,120,0.8792
"2026-07-02 17:14:38,584",1,11,140,0.8805
"2026-07-02 17:14:39,390",1,11,160,0.8832
"2026-07-02 17:14:40,114",1,11,180,0.8814
"2026-07-02 17:14:40,836",1,11,200,0.8826
"2026-07-02 17:14:41,557",1,11,220,0.8829
"2026-07-02 17:14:42,305",1,11,240,0.8844
"2026-07-02 17:14:43,102",1,11,260,0.8822
"2026-07-02 17:14:43,899",1,11,280,0.8827
"2026-07-02 17:14:44,699",1,11,300,0.8846
"2026-07-02 17:14:45,485",1,11,320,0.8848
"2026-07-02 17:14:46,207",1,11,340,0.8866
"2026-07-02 17:14:46,930",1,11,360,0.8886
"2026-07-02 17:14:47,650",1,11,380,0.8884
"2026-07-02 17:14:48,387",1,11,400,0.8902
"2026-07-02 17:14:49,177",1,11,420,0.8882
"2026-07-02 17:14:49,971",1,11,440,0.8912
"2026-07-02 17:14:51,539",1,12,20,0.856
"2026-07-02 17:14:52,319",1,12,40,0.8873
"2026-07-02 17:14:53,114",1,12,60,0.8913
"2026-07-02 17:14:53,923",1,12,80,0.8891
"2026-07-02 17:14:54,791",1,12,100,0.8977
"2026-07-02 17:14:55,668",1,12,120,0.8941
"2026-07-02 17:14:56,540",1,12,140,0.8845
"2026-07-02 17:14:57,415",1,12,160,0.89
"2026-07-02 17:14:58,290",1,12,180,0.8886
"2026-07-02 17:14:59,165",1,12,200,0.8895
"2026-07-02 17:15:00,038",1,12,220,0.8891
"2026-07-02 17:15:00,910",1,12,240,0.8873
"2026-07-02 17:15:01,769",1,12,260,0.8864
"2026-07-02 17:15:02,646",1,12,280,0.887
"2026-07-02 17:15:03,523",1,12,300,0.887
"2026-07-02 17:15:04,403",1,12,320,0.8876
"2026-07-02 17:15:05,281",1,12,340,0.8896
"2026-07-02 17:15:06,149",1,12,360,0.8893
"2026-07-02 17:15:07,028",1,12,380,0.8907
"2026-07-02 17:15:07,907",1,12,400,0.8921
"2026-07-02 17:15:08,786",1,12,420,0.8893
"2026-07-02 17:15:09,664",1,12,440,0.8871
"2026-07-02 17:15:11,271",1,13,20,0.8662
"2026-07-02 17:15:11,991",1,13,40,0.8662
"2026-07-02 17:15:12,713",1,13,60,0.881
"2026-07-02 17:15:13,433",1,13,80,0.8688
"2026-07-02 17:15:14,165",1,13,100,0.8687
"2026-07-02 17:15:14,957",1,13,120,0.8711
"2026-07-02 17:15:15,756",1,13,140,0.8725
"2026-07-02 17:15:16,555",1,13,160,0.8769
"2026-07-02 17:15:17,357",1,13,180,0.8768
"2026-07-02 17:15:18,155",1,13,200,0.8836
"2026-07-02 17:15:18,983",1,13,220,0.8829
"2026-07-02 17:15:19,817",1,13,240,0.8824
"2026-07-02 17:15:20,614",1,13,260,0.8849
"2026-07-02 17:15:21,475",1,13,280,0.883
"2026-07-02 17:15:22,356",1,13,300,0.8816
"2026-07-02 17:15:23,234",1,13,320,0.8834
"2026-07-02 17:15:24,112",1,13,340,0.882
"2026-07-02 17:15:24,990",1,13,360,0.8813
"2026-07-02 17:15:25,870",1,13,380,0.8813
"2026-07-02 17:15:26,744",1,13,400,0.8808
"2026-07-02 17:15:27,611",1,13,420,0.8817
"2026-07-02 17:15:28,476",1,13,440,0.8828
"2026-07-02 17:15:30,090",1,14,20,0.8564
"2026-07-02 17:15:30,880",1,14,40,0.8722
"2026-07-02 17:15:31,679",1,14,60,0.8835
"2026-07-02 17:15:32,520",1,14,80,0.8856
"2026-07-02 17:15:33,353",1,14,100,0.8864
"2026-07-02 17:15:34,191",1,14,120,0.8785
"2026-07-02 17:15:35,029",1,14,140,0.8742
"2026-07-02 17:15:35,866",1,14,160,0.8748
"2026-07-02 17:15:36,705",1,14,180,0.8772
"2026-07-02 17:15:37,574",1,14,200,0.8728
"2026-07-02 17:15:38,452",1,14,220,0.8721
"2026-07-02 17:15:39,329",1,14,240,0.8706
"2026-07-02 17:15:40,208",1,14,260,0.8671
"2026-07-02 17:15:41,085",1,14,280,0.8681
"2026-07-02 17:15:41,964",1,14,300,0.8704
"2026-07-02 17:15:42,842",1,14,320,0.8702
"2026-07-02 17:15:43,721",1,14,340,0.8697
"2026-07-02 17:15:44,600",1,14,360,0.8705
"2026-07-02 17:15:45,484",1,14,380,0.8743
"2026-07-02 17:15:46,340",1,14,400,0.8769
"2026-07-02 17:15:47,161",1,14,420,0.8775
"2026-07-02 17:15:47,961",1,14,440,0.8783
"2026-07-02 17:15:49,530",1,15,20,0.8534
"2026-07-02 17:15:50,260",1,15,40,0.8679
"2026-07-02 17:15:51,056",1,15,60,0.8771
"2026-07-02 17:15:51,857",1,15,80,0.8779
"2026-07-02 17:15:52,660",1,15,100,0.8759
"2026-07-02 17:15:53,474",1,15,120,0.878
"2026-07-02 17:15:54,269",1,15,140,0.8748
"2026-07-02 17:15:55,067",1,15,160,0.8686
"2026-07-02 17:15:55,866",1,15,180,0.8698
"2026-07-02 17:15:56,711",1,15,200,0.87
"2026-07-02 17:15:57,591",1,15,220,0.8675
"2026-07-02 17:15:58,381",1,15,240,0.8677
"2026-07-02 17:15:59,128",1,15,260,0.869
"2026-07-02 17:15:59,926",1,15,280,0.8706
"2026-07-02 17:16:00,735",1,15,300,0.8697
"2026-07-02 17:16:01,604",1,15,320,0.8747
"2026-07-02 17:16:02,401",1,15,340,0.8758
"2026-07-02 17:16:03,158",1,15,360,0.8746
"2026-07-02 17:16:03,936",1,15,380,0.8757
"2026-07-02 17:16:04,750",1,15,400,0.8766
"2026-07-02 17:16:05,631",1,15,420,0.8753
"2026-07-02 17:16:06,513",1,15,440,0.8753
"2026-07-02 17:16:08,116",1,16,20,0.8426
"2026-07-02 17:16:08,917",1,16,40,0.8758
"2026-07-02 17:16:09,729",1,16,60,0.8678
"2026-07-02 17:16:10,525",1,16,80,0.8692
"2026-07-02 17:16:11,322",1,16,100,0.8715
"2026-07-02 17:16:12,119",1,16,120,0.8789
"2026-07-02 17:16:12,917",1,16,140,0.8728
"2026-07-02 17:16:13,706",1,16,160,0.8734
"2026-07-02 17:16:14,503",1,16,180,0.8687
"2026-07-02 17:16:15,300",1,16,200,0.8693
"2026-07-02 17:16:16,133",1,16,220,0.8732
"2026-07-02 17:16:17,012",1,16,240,0.8733
"2026-07-02 17:16:17,890",1,16,260,0.875
"2026-07-02 17:16:18,766",1,16,280,0.8731
"2026-07-02 17:16:19,644",1,16,300,0.8744
"2026-07-02 17:16:20,524",1,16,320,0.8763
"2026-07-02 17:16:21,404",1,16,340,0.8744
"2026-07-02 17:16:22,285",1,16,360,0.875
"2026-07-02 17:16:23,164",1,16,380,0.8727
"2026-07-02 17:16:24,045",1,16,400,0.8724
"2026-07-02 17:16:24,918",1,16,420,0.8735
"2026-07-02 17:16:25,715",1,16,440,0.8719
"2026-07-02 17:16:27,298",1,17,20,0.8659
"2026-07-02 17:16:28,098",1,17,40,0.8444
"2026-07-02 17:16:28,923",1,17,60,0.8526
"2026-07-02 17:16:29,720",1,17,80,0.8626
"2026-07-02 17:16:30,530",1,17,100,0.8675
"2026-07-02 17:16:31,398",1,17,120,0.8713
"2026-07-02 17:16:32,271",1,17,140,0.8701
"2026-07-02 17:16:33,150",1,17,160,0.8721
"2026-07-02 17:16:34,017",1,17,180,0.8715
"2026-07-02 17:16:34,842",1,17,200,0.8683
"2026-07-02 17:16:35,640",1,17,220,0.8666
"2026-07-02 17:16:36,483",1,17,240,0.8682
"2026-07-02 17:16:37,363",1,17,260,0.8678
"2026-07-02 17:16:38,243",1,17,280,0.867
"2026-07-02 17:16:39,123",1,17,300,0.8686
"2026-07-02 17:16:40,001",1,17,320,0.8685
"2026-07-02 17:16:40,879",1,17,340,0.8688
"2026-07-02 17:16:41,759",1,17,360,0.868
"2026-07-02 17:16:42,638",1,17,380,0.8666
"2026-07-02 17:16:43,489",1,17,400,0.8669
"2026-07-02 17:16:44,310",1,17,420,0.8679
"2026-07-02 17:16:45,139",1,17,440,0.8682
"2026-07-02 17:16:46,751",1,18,20,0.8508
"2026-07-02 17:16:47,575",1,18,40,0.8739
"2026-07-02 17:16:48,452",1,18,60,0.8703
"2026-07-02 17:16:49,255",1,18,80,0.873
"2026-07-02 17:16:50,054",1,18,100,0.8737
"2026-07-02 17:16:50,853",1,18,120,0.8733
"2026-07-02 17:16:51,653",1,18,140,0.8709
"2026-07-02 17:16:52,454",1,18,160,0.8702
"2026-07-02 17:16:53,255",1,18,180,0.8702
"2026-07-02 17:16:54,055",1,18,200,0.8672
"2026-07-02 17:16:54,851",1,18,220,0.8702
"2026-07-02 17:16:55,649",1,18,240,0.8729
"2026-07-02 17:16:56,450",1,18,260,0.8742
"2026-07-02 17:16:57,213",1,18,280,0.8719
"2026-07-02 17:16:57,933",1,18,300,0.8701
"2026-07-02 17:16:58,654",1,18,320,0.8685
"2026-07-02 17:16:59,398",1,18,340,0.8668
"2026-07-02 17:17:00,198",1,18,360,0.8672
"2026-07-02 17:17:00,996",1,18,380,0.8673
"2026-07-02 17:17:01,798",1,18,400,0.8679
"2026-07-02 17:17:02,594",1,18,420,0.8668
"2026-07-02 17:17:03,392",1,18,440,0.8661
"2026-07-02 17:17:04,959",1,19,20,0.9036
"2026-07-02 17:17:05,679",1,19,40,0.8802
"2026-07-02 17:17:06,398",1,19,60,0.8828
"2026-07-02 17:17:07,120",1,19,80,0.8779
"2026-07-02 17:17:07,909",1,19,100,0.8733
"2026-07-02 17:17:08,706",1,19,120,0.8666
"2026-07-02 17:17:09,542",1,19,140,0.867
"2026-07-02 17:17:10,400",1,19,160,0.8713
"2026-07-02 17:17:11,281",1,19,180,0.8721
"2026-07-02 17:17:12,161",1,19,200,0.8692
"2026-07-02 17:17:13,038",1,19,220,0.8687
"2026-07-02 17:17:13,918",1,19,240,0.8688
"2026-07-02 17:17:14,795",1,19,260,0.868
"2026-07-02 17:17:15,668",1,19,280,0.8665
"2026-07-02 17:17:16,546",1,19,300,0.8685
"2026-07-02 17:17:17,400",1,19,320,0.8662
"2026-07-02 17:17:18,269",1,19,340,0.865
"2026-07-02 17:17:19,141",1,19,360,0.8656
"2026-07-02 17:17:20,021",1,19,380,0.8659
"2026-07-02 17:17:20,901",1,19,400,0.8652
"2026-07-02 17:17:21,784",1,19,420,0.8632
"2026-07-02 17:17:22,665",1,19,440,0.8637
"2026-07-02 17:17:24,292",1,20,20,0.8862
"2026-07-02 17:17:25,082",1,20,40,0.8869
"2026-07-02 17:17:25,940",1,20,60,0.859
"2026-07-02 17:17:26,817",1,20,80,0.8513
"2026-07-02 17:17:27,546",1,20,100,0.8591
"2026-07-02 17:17:28,271",1,20,120,0.8585
"2026-07-02 17:17:29,054",1,20,140,0.8615
"2026-07-02 17:17:29,851",1,20,160,0.8605
"2026-07-02 17:17:30,648",1,20,180,0.8561
"2026-07-02 17:17:31,486",1,20,200,0.8608
"2026-07-02 17:17:32,367",1,20,220,0.8585
"2026-07-02 17:17:33,247",1,20,240,0.8593
"2026-07-02 17:17:34,128",1,20,260,0.8605
"2026-07-02 17:17:34,963",1,20,280,0.8556
"2026-07-02 17:17:35,761",1,20,300,0.8558
"2026-07-02 17:17:36,558",1,20,320,0.8567
"2026-07-02 17:17:37,432",1,20,340,0.8602
"2026-07-02 17:17:38,312",1,20,360,0.864
"2026-07-02 17:17:39,192",1,20,380,0.8635
"2026-07-02 17:17:40,072",1,20,400,0.8636
"2026-07-02 17:17:40,952",1,20,420,0.864
"2026-07-02 17:17:41,832",1,20,440,0.8624
"2026-07-02 17:18:01,206",2,1,20,1.7819
"2026-07-02 17:18:19,491",2,1,40,1.6899
"2026-07-02 17:18:37,752",2,1,60,1.653
"2026-07-02 17:18:56,003",2,1,80,1.6282
"2026-07-02 17:19:14,258",2,1,100,1.6164
"2026-07-02 17:19:32,558",2,1,120,1.6209
"2026-07-02 17:19:50,927",2,1,140,1.617
"2026-07-02 17:20:09,345",2,1,160,1.6157
"2026-07-02 17:20:27,783",2,1,180,1.6089
"2026-07-02 17:20:46,238",2,1,200,1.6145
"2026-07-02 17:21:04,553",2,1,220,1.6167
"2026-07-02 17:21:22,850",2,1,240,1.6209
"2026-07-02 17:21:41,302",2,1,260,1.6244
"2026-07-02 17:21:59,763",2,1,280,1.6254
"2026-07-02 17:22:18,090",2,1,300,1.6295
"2026-07-02 17:22:36,555",2,1,320,1.6296
"2026-07-02 17:22:54,967",2,1,340,1.6275
"2026-07-02 17:23:13,449",2,1,360,1.6251
"2026-07-02 17:23:32,027",2,1,380,1.6234
"2026-07-02 17:23:50,603",2,1,400,1.6241
"2026-07-02 17:24:09,098",2,1,420,1.6154
"2026-07-02 17:24:27,516",2,1,440,1.615
"2026-07-02 17:24:45,972",2,1,460,1.6164
"2026-07-02 17:25:04,424",2,1,480,1.6174
"2026-07-02 17:25:22,986",2,1,500,1.6171
"2026-07-02 17:25:41,505",2,1,520,1.6164
"2026-07-02 17:26:00,153",2,1,540,1.6131
"2026-07-02 17:26:18,687",2,1,560,1.6078
"2026-07-02 17:26:37,264",2,1,580,1.605
"2026-07-02 17:26:55,859",2,1,600,1.6049
"2026-07-02 17:27:14,355",2,1,620,1.602
"2026-07-02 17:27:32,862",2,1,640,1.5951
"2026-07-02 17:27:51,315",2,1,660,1.5943
"2026-07-02 17:28:09,831",2,1,680,1.594
"2026-07-02 17:28:28,374",2,1,700,1.5924
"2026-07-02 17:28:46,858",2,1,720,1.5915
"2026-07-02 17:29:05,372",2,1,740,1.5898
"2026-07-02 17:29:23,869",2,1,760,1.5893
"2026-07-02 17:29:42,357",2,1,780,1.5893
"2026-07-02 17:30:00,857",2,1,800,1.5875
"2026-07-02 17:30:19,344",2,1,820,1.5848
"2026-07-02 17:30:37,844",2,1,840,1.5843
"2026-07-02 17:30:56,601",2,1,860,1.5854
"2026-07-02 17:31:15,077",2,1,880,1.5843
"2026-07-02 17:33:24,794",2,2,20,1.6596
"2026-07-02 17:33:43,071",2,2,40,1.6544
"2026-07-02 17:34:01,474",2,2,60,1.6212
"2026-07-02 17:34:19,747",2,2,80,1.6283
"2026-07-02 17:34:38,007",2,2,100,1.6295
"2026-07-02 17:34:56,265",2,2,120,1.6269
"2026-07-02 17:35:14,538",2,2,140,1.6318
"2026-07-02 17:35:32,803",2,2,160,1.6266
"2026-07-02 17:35:51,079",2,2,180,1.6237
"2026-07-02 17:36:09,337",2,2,200,1.6164
"2026-07-02 17:36:27,608",2,2,220,1.6219
"2026-07-02 17:36:45,867",2,2,240,1.6238
"2026-07-02 17:37:04,121",2,2,260,1.6187
"2026-07-02 17:37:22,381",2,2,280,1.6218
"2026-07-02 17:37:40,647",2,2,300,1.6198
"2026-07-02 17:37:58,883",2,2,320,1.6237
"2026-07-02 17:38:17,339",2,2,340,1.6233
"2026-07-02 17:38:35,610",2,2,360,1.6229
"2026-07-02 17:38:53,872",2,2,380,1.6257
"2026-07-02 17:39:12,313",2,2,400,1.6248
"2026-07-02 17:39:30,572",2,2,420,1.6227
"2026-07-02 17:39:48,848",2,2,440,1.6257
"2026-07-02 17:40:07,107",2,2,460,1.6244
"2026-07-02 17:40:25,365",2,2,480,1.6275
"2026-07-02 17:40:43,750",2,2,500,1.6232
"2026-07-02 17:41:02,018",2,2,520,1.623
"2026-07-02 17:41:20,279",2,2,540,1.6236
"2026-07-02 17:41:38,596",2,2,560,1.6246
"2026-07-02 17:41:56,864",2,2,580,1.6211
"2026-07-02 17:42:15,133",2,2,600,1.6184
"2026-07-02 17:42:33,425",2,2,620,1.6188
"2026-07-02 17:42:51,682",2,2,640,1.621
"2026-07-02 17:43:10,032",2,2,660,1.6198
"2026-07-02 17:43:28,558",2,2,680,1.6184
"2026-07-02 17:43:46,998",2,2,700,1.6156
"2026-07-02 17:44:05,337",2,2,720,1.6161
"2026-07-02 17:44:23,763",2,2,740,1.6173
"2026-07-02 17:44:42,423",2,2,760,1.6175
"2026-07-02 17:45:00,721",2,2,780,1.6168
"2026-07-02 17:45:18,984",2,2,800,1.6157
"2026-07-02 17:45:37,273",2,2,820,1.6153
"2026-07-02 17:45:55,622",2,2,840,1.615
"2026-07-02 17:46:13,878",2,2,860,1.6156
"2026-07-02 17:46:32,146",2,2,880,1.6131
"2026-07-02 17:48:42,124",2,3,20,1.7174
"2026-07-02 17:49:00,391",2,3,40,1.6726
"2026-07-02 17:49:18,642",2,3,60,1.6365
"2026-07-02 17:49:36,981",2,3,80,1.6477
"2026-07-02 17:49:55,250",2,3,100,1.6538
"2026-07-02 17:50:13,534",2,3,120,1.6532
"2026-07-02 17:50:31,790",2,3,140,1.6502
"2026-07-02 17:50:50,038",2,3,160,1.6545
"2026-07-02 17:51:08,284",2,3,180,1.6542
"2026-07-02 17:51:26,543",2,3,200,1.6598
"2026-07-02 17:51:44,798",2,3,220,1.6527
"2026-07-02 17:52:03,239",2,3,240,1.6533
"2026-07-02 17:52:21,510",2,3,260,1.648
"2026-07-02 17:52:39,769",2,3,280,1.6441
"2026-07-02 17:52:58,023",2,3,300,1.648
"2026-07-02 17:53:16,300",2,3,320,1.6441
"2026-07-02 17:53:34,562",2,3,340,1.6392
"2026-07-02 17:53:52,817",2,3,360,1.6394
"2026-07-02 17:54:11,083",2,3,380,1.6432
"2026-07-02 17:54:29,358",2,3,400,1.6413
"2026-07-02 17:54:47,619",2,3,420,1.6399
"2026-07-02 17:55:05,879",2,3,440,1.6353
"2026-07-02 17:55:24,144",2,3,460,1.6317
"2026-07-02 17:55:42,425",2,3,480,1.6336
"2026-07-02 17:56:00,678",2,3,500,1.6319
"2026-07-02 17:56:18,940",2,3,520,1.6301
"2026-07-02 17:56:37,211",2,3,540,1.6239
"2026-07-02 17:56:55,479",2,3,560,1.6175
"2026-07-02 17:57:13,737",2,3,580,1.6123
"2026-07-02 17:57:31,992",2,3,600,1.6054
"2026-07-02 17:57:50,366",2,3,620,1.5988
"2026-07-02 17:58:08,627",2,3,640,1.5906
"2026-07-02 17:58:26,876",2,3,660,1.5831
"2026-07-02 17:58:45,194",2,3,680,1.576
"2026-07-02 17:59:03,471",2,3,700,1.5715
"2026-07-02 17:59:21,827",2,3,720,1.5649
"2026-07-02 17:59:40,084",2,3,740,1.5572
"2026-07-02 17:59:58,375",2,3,760,1.5544
"2026-07-02 18:00:16,767",2,3,780,1.5508
"2026-07-02 18:00:35,057",2,3,800,1.5478
"2026-07-02 18:00:53,317",2,3,820,1.5405
"2026-07-02 18:01:11,584",2,3,840,1.5335
"2026-07-02 18:01:29,885",2,3,860,1.527
"2026-07-02 18:01:48,282",2,3,880,1.5226
"2026-07-02 18:03:58,209",2,4,20,1.358
"2026-07-02 18:04:16,462",2,4,40,1.3064
"2026-07-02 18:04:34,737",2,4,60,1.274
"2026-07-02 18:04:52,998",2,4,80,1.2941
"2026-07-02 18:05:11,272",2,4,100,1.2973
"2026-07-02 18:05:29,534",2,4,120,1.2903
"2026-07-02 18:05:47,809",2,4,140,1.2721
"2026-07-02 18:06:06,067",2,4,160,1.2681
"2026-07-02 18:06:24,324",2,4,180,1.2574
"2026-07-02 18:06:42,588",2,4,200,1.2561
"2026-07-02 18:07:00,857",2,4,220,1.2507
"2026-07-02 18:07:19,111",2,4,240,1.253
"2026-07-02 18:07:37,379",2,4,260,1.2526
"2026-07-02 18:07:55,656",2,4,280,1.2522
"2026-07-02 18:08:13,926",2,4,300,1.2562
"2026-07-02 18:08:32,183",2,4,320,1.2534
"2026-07-02 18:08:50,440",2,4,340,1.2504
"2026-07-02 18:09:08,762",2,4,360,1.249
"2026-07-02 18:09:27,022",2,4,380,1.2444
"2026-07-02 18:09:45,276",2,4,400,1.2426
"2026-07-02 18:10:03,535",2,4,420,1.2416
"2026-07-02 18:10:21,939",2,4,440,1.2415
"2026-07-02 18:10:40,280",2,4,460,1.2395
"2026-07-02 18:10:58,515",2,4,480,1.2419
"2026-07-02 18:11:16,788",2,4,500,1.2423
"2026-07-02 18:11:35,059",2,4,520,1.2401
"2026-07-02 18:11:53,313",2,4,540,1.2376
"2026-07-02 18:12:11,773",2,4,560,1.2383
"2026-07-02 18:12:30,126",2,4,580,1.2372
"2026-07-02 18:12:48,411",2,4,600,1.2368
"2026-07-02 18:13:06,663",2,4,620,1.2378
"2026-07-02 18:13:24,921",2,4,640,1.2359
"2026-07-02 18:13:43,203",2,4,660,1.2326
"2026-07-02 18:14:01,457",2,4,680,1.2354
"2026-07-02 18:14:19,710",2,4,700,1.2354
"2026-07-02 18:14:38,017",2,4,720,1.233
"2026-07-02 18:14:56,428",2,4,740,1.2345
"2026-07-02 18:15:14,722",2,4,760,1.2348
"2026-07-02 18:15:32,996",2,4,780,1.2383
"2026-07-02 18:15:51,270",2,4,800,1.238
"2026-07-02 18:16:09,547",2,4,820,1.239
"2026-07-02 18:16:27,860",2,4,840,1.2399
"2026-07-02 18:16:46,178",2,4,860,1.241
"2026-07-02 18:17:04,466",2,4,880,1.2414
"2026-07-02 18:19:14,821",2,5,20,1.1809
"2026-07-02 18:19:33,146",2,5,40,1.1406
"2026-07-02 18:19:51,438",2,5,60,1.1553
"2026-07-02 18:20:09,755",2,5,80,1.1761
"2026-07-02 18:20:28,298",2,5,100,1.1772
"2026-07-02 18:20:46,966",2,5,120,1.196
"2026-07-02 18:21:05,308",2,5,140,1.1942
"2026-07-02 18:21:23,632",2,5,160,1.1842
"2026-07-02 18:21:41,957",2,5,180,1.1807
"2026-07-02 18:22:00,234",2,5,200,1.1871
"2026-07-02 18:22:18,511",2,5,220,1.1884
"2026-07-02 18:22:36,783",2,5,240,1.184
"2026-07-02 18:22:55,046",2,5,260,1.191
"2026-07-02 18:23:13,297",2,5,280,1.1881
"2026-07-02 18:23:31,552",2,5,300,1.1918
"2026-07-02 18:23:49,831",2,5,320,1.1899
"2026-07-02 18:24:08,291",2,5,340,1.1849
"2026-07-02 18:24:26,921",2,5,360,1.185
"2026-07-02 18:24:45,539",2,5,380,1.1876
"2026-07-02 18:25:04,032",2,5,400,1.1895
"2026-07-02 18:25:22,289",2,5,420,1.1828
"2026-07-02 18:25:40,552",2,5,440,1.1806
"2026-07-02 18:25:58,823",2,5,460,1.1855
"2026-07-02 18:26:17,128",2,5,480,1.186
"2026-07-02 18:26:35,386",2,5,500,1.1876
"2026-07-02 18:26:53,642",2,5,520,1.1872
"2026-07-02 18:27:11,920",2,5,540,1.1896
"2026-07-02 18:27:30,179",2,5,560,1.1856
"2026-07-02 18:27:48,438",2,5,580,1.1847
"2026-07-02 18:28:06,703",2,5,600,1.187
"2026-07-02 18:28:25,196",2,5,620,1.1869
"2026-07-02 18:28:43,846",2,5,640,1.1887
"2026-07-02 18:29:02,498",2,5,660,1.1875
"2026-07-02 18:29:21,127",2,5,680,1.1895
"2026-07-02 18:29:39,770",2,5,700,1.1881
"2026-07-02 18:29:58,414",2,5,720,1.1898
"2026-07-02 18:30:17,073",2,5,740,1.1918
"2026-07-02 18:30:35,345",2,5,760,1.1913
"2026-07-02 18:30:53,726",2,5,780,1.1918
"2026-07-02 18:31:11,977",2,5,800,1.1912
"2026-07-02 18:31:30,238",2,5,820,1.1907
"2026-07-02 18:31:48,511",2,5,840,1.1911
"2026-07-02 18:32:06,788",2,5,860,1.1905
"2026-07-02 18:32:25,082",2,5,880,1.1901
"2026-07-02 18:34:35,219",2,6,20,1.1272
"2026-07-02 18:34:53,477",2,6,40,1.1232
"2026-07-02 18:35:11,821",2,6,60,1.1287
"2026-07-02 18:35:30,179",2,6,80,1.1621
"2026-07-02 18:35:48,454",2,6,100,1.1602
"2026-07-02 18:36:06,763",2,6,120,1.1399
"2026-07-02 18:36:25,024",2,6,140,1.1347
"2026-07-02 18:36:43,356",2,6,160,1.1272
"2026-07-02 18:37:01,676",2,6,180,1.1369
"2026-07-02 18:37:19,944",2,6,200,1.1295
"2026-07-02 18:37:38,261",2,6,220,1.1228
"2026-07-02 18:37:56,785",2,6,240,1.1271
"2026-07-02 18:38:15,100",2,6,260,1.1272
"2026-07-02 18:38:33,373",2,6,280,1.1208
"2026-07-02 18:38:51,708",2,6,300,1.1194
"2026-07-02 18:39:10,009",2,6,320,1.1227
"2026-07-02 18:39:28,280",2,6,340,1.1242
"2026-07-02 18:39:46,549",2,6,360,1.1285
"2026-07-02 18:40:05,127",2,6,380,1.1266
"2026-07-02 18:40:23,782",2,6,400,1.1253
"2026-07-02 18:40:42,279",2,6,420,1.1272
"2026-07-02 18:41:00,540",2,6,440,1.1241
"2026-07-02 18:41:18,796",2,6,460,1.1251
"2026-07-02 18:41:37,065",2,6,480,1.1257
"2026-07-02 18:41:55,343",2,6,500,1.1261
"2026-07-02 18:42:13,862",2,6,520,1.1281
"2026-07-02 18:42:32,114",2,6,540,1.1315
"2026-07-02 18:42:50,382",2,6,560,1.1346
"2026-07-02 18:43:08,729",2,6,580,1.135
"2026-07-02 18:43:26,986",2,6,600,1.1368
"2026-07-02 18:43:45,246",2,6,620,1.138
"2026-07-02 18:44:03,518",2,6,640,1.137
"2026-07-02 18:44:21,776",2,6,660,1.136
"2026-07-02 18:44:40,035",2,6,680,1.1368
"2026-07-02 18:44:58,353",2,6,700,1.1368
"2026-07-02 18:45:16,637",2,6,720,1.135
"2026-07-02 18:45:34,891",2,6,740,1.1352
"2026-07-02 18:45:53,147",2,6,760,1.1355
"2026-07-02 18:46:11,414",2,6,780,1.1364
"2026-07-02 18:46:29,684",2,6,800,1.1388
"2026-07-02 18:46:47,960",2,6,820,1.1397
"2026-07-02 18:47:06,216",2,6,840,1.1406
"2026-07-02 18:47:24,553",2,6,860,1.1411
"2026-07-02 18:47:42,818",2,6,880,1.1408
"2026-07-02 18:49:52,339",2,7,20,0.9116
"2026-07-02 18:50:10,609",2,7,40,1.0104
"2026-07-02 18:50:28,887",2,7,60,1.047
"2026-07-02 18:50:47,198",2,7,80,1.0796
"2026-07-02 18:51:05,505",2,7,100,1.0788
"2026-07-02 18:51:23,856",2,7,120,1.0972
"2026-07-02 18:51:42,198",2,7,140,1.0987
"2026-07-02 18:52:00,534",2,7,160,1.1058
"2026-07-02 18:52:18,875",2,7,180,1.0966
"2026-07-02 18:52:37,224",2,7,200,1.0917
"2026-07-02 18:52:55,526",2,7,220,1.0901
"2026-07-02 18:53:13,853",2,7,240,1.0887
"2026-07-02 18:53:32,157",2,7,260,1.0796
"2026-07-02 18:53:50,408",2,7,280,1.0831
"2026-07-02 18:54:08,677",2,7,300,1.0806
"2026-07-02 18:54:26,940",2,7,320,1.0806
"2026-07-02 18:54:45,191",2,7,340,1.0796
"2026-07-02 18:55:03,453",2,7,360,1.0834
"2026-07-02 18:55:21,729",2,7,380,1.0843
"2026-07-02 18:55:39,988",2,7,400,1.0869
"2026-07-02 18:55:58,241",2,7,420,1.0883
"2026-07-02 18:56:16,503",2,7,440,1.0911
"2026-07-02 18:56:34,782",2,7,460,1.0901
"2026-07-02 18:56:53,036",2,7,480,1.0896
"2026-07-02 18:57:11,293",2,7,500,1.0891
"2026-07-02 18:57:29,556",2,7,520,1.0884
"2026-07-02 18:57:47,826",2,7,540,1.0833
"2026-07-02 18:58:06,087",2,7,560,1.0827
"2026-07-02 18:58:24,340",2,7,580,1.0804
"2026-07-02 18:58:42,615",2,7,600,1.0823
"2026-07-02 18:59:00,872",2,7,620,1.0831
"2026-07-02 18:59:19,130",2,7,640,1.0854
"2026-07-02 18:59:37,491",2,7,660,1.0861
"2026-07-02 18:59:55,768",2,7,680,1.0865
"2026-07-02 19:00:14,027",2,7,700,1.0861
"2026-07-02 19:00:32,320",2,7,720,1.0885
"2026-07-02 19:00:50,727",2,7,740,1.0886
"2026-07-02 19:01:09,000",2,7,760,1.0878
"2026-07-02 19:01:27,276",2,7,780,1.0906
"2026-07-02 19:01:45,533",2,7,800,1.0931
"2026-07-02 19:02:03,807",2,7,820,1.0934
"2026-07-02 19:02:22,335",2,7,840,1.0925
"2026-07-02 19:02:40,615",2,7,860,1.0916
"2026-07-02 19:02:58,874",2,7,880,1.0905
"2026-07-02 19:05:07,921",2,8,20,1.0705
"2026-07-02 19:05:26,215",2,8,40,1.092
"2026-07-02 19:05:44,496",2,8,60,1.0698
"2026-07-02 19:06:02,791",2,8,80,1.0592
"2026-07-02 19:06:21,049",2,8,100,1.0567
"2026-07-02 19:06:39,315",2,8,120,1.0639
"2026-07-02 19:06:57,574",2,8,140,1.0557
"2026-07-02 19:07:15,829",2,8,160,1.0491
"2026-07-02 19:07:34,085",2,8,180,1.0516
"2026-07-02 19:07:52,359",2,8,200,1.0495
"2026-07-02 19:08:10,690",2,8,220,1.0375
"2026-07-02 19:08:28,959",2,8,240,1.0463
"2026-07-02 19:08:47,264",2,8,260,1.0489
"2026-07-02 19:09:05,581",2,8,280,1.0493
"2026-07-02 19:09:23,906",2,8,300,1.0511
"2026-07-02 19:09:42,234",2,8,320,1.0546
"2026-07-02 19:10:00,513",2,8,340,1.0506
"2026-07-02 19:10:18,829",2,8,360,1.051
"2026-07-02 19:10:37,098",2,8,380,1.0557
"2026-07-02 19:10:55,355",2,8,400,1.0576
"2026-07-02 19:11:13,745",2,8,420,1.0571
"2026-07-02 19:11:32,083",2,8,440,1.0564
"2026-07-02 19:11:50,334",2,8,460,1.0541
"2026-07-02 19:12:08,600",2,8,480,1.0542
"2026-07-02 19:12:26,867",2,8,500,1.055
"2026-07-02 19:12:45,161",2,8,520,1.055
"2026-07-02 19:13:03,419",2,8,540,1.0564
"2026-07-02 19:13:21,691",2,8,560,1.0524
"2026-07-02 19:13:39,959",2,8,580,1.0501
"2026-07-02 19:13:58,215",2,8,600,1.045
"2026-07-02 19:14:16,477",2,8,620,1.0475
"2026-07-02 19:14:34,757",2,8,640,1.0445
"2026-07-02 19:14:53,011",2,8,660,1.0433
"2026-07-02 19:15:11,287",2,8,680,1.0419
"2026-07-02 19:15:29,554",2,8,700,1.0416
"2026-07-02 19:15:47,824",2,8,720,1.0426
"2026-07-02 19:16:06,045",2,8,740,1.0428
"2026-07-02 19:16:24,269",2,8,760,1.0433
"2026-07-02 19:16:42,522",2,8,780,1.0414
"2026-07-02 19:17:00,718",2,8,800,1.0431
"2026-07-02 19:17:19,061",2,8,820,1.0431
"2026-07-02 19:17:37,293",2,8,840,1.0447
"2026-07-02 19:17:55,588",2,8,860,1.0452
"2026-07-02 19:18:13,827",2,8,880,1.0469
"2026-07-02 19:20:22,747",2,9,20,1.0713
"2026-07-02 19:20:41,023",2,9,40,0.9881
"2026-07-02 19:20:59,279",2,9,60,0.9631
"2026-07-02 19:21:17,553",2,9,80,0.9621
"2026-07-02 19:21:35,811",2,9,100,0.9477
"2026-07-02 19:21:54,065",2,9,120,0.9477
"2026-07-02 19:22:12,322",2,9,140,0.9721
"2026-07-02 19:22:30,616",2,9,160,0.9748
"2026-07-02 19:22:48,917",2,9,180,0.9744
"2026-07-02 19:23:07,176",2,9,200,0.9684
"2026-07-02 19:23:25,565",2,9,220,0.9607
"2026-07-02 19:23:43,850",2,9,240,0.967
"2026-07-02 19:24:02,306",2,9,260,0.9706
"2026-07-02 19:24:20,589",2,9,280,0.9799
"2026-07-02 19:24:38,864",2,9,300,0.9778
"2026-07-02 19:24:57,150",2,9,320,0.9834
"2026-07-02 19:25:15,484",2,9,340,0.978
"2026-07-02 19:25:33,783",2,9,360,0.9806
"2026-07-02 19:25:52,090",2,9,380,0.9795
"2026-07-02 19:26:10,453",2,9,400,0.98
"2026-07-02 19:26:28,753",2,9,420,0.9783
"2026-07-02 19:26:47,030",2,9,440,0.9841
"2026-07-02 19:27:05,333",2,9,460,0.9845
"2026-07-02 19:27:23,626",2,9,480,0.9854
"2026-07-02 19:27:41,880",2,9,500,0.9844
"2026-07-02 19:28:00,155",2,9,520,0.9852
"2026-07-02 19:28:18,477",2,9,540,0.9832
"2026-07-02 19:28:36,727",2,9,560,0.9861
"2026-07-02 19:28:54,979",2,9,580,0.9864
"2026-07-02 19:29:13,272",2,9,600,0.9877
"2026-07-02 19:29:31,530",2,9,620,0.9887
"2026-07-02 19:29:49,782",2,9,640,0.9855
"2026-07-02 19:30:08,083",2,9,660,0.9868
"2026-07-02 19:30:26,359",2,9,680,0.9879
"2026-07-02 19:30:44,606",2,9,700,0.9884
"2026-07-02 19:31:02,868",2,9,720,0.9905
"2026-07-02 19:31:21,137",2,9,740,0.9916
"2026-07-02 19:31:39,404",2,9,760,0.9933
"2026-07-02 19:31:57,664",2,9,780,0.9961
"2026-07-02 19:32:15,919",2,9,800,0.9982
"2026-07-02 19:32:34,195",2,9,820,0.9966
"2026-07-02 19:32:52,473",2,9,840,0.9946
"2026-07-02 19:33:10,728",2,9,860,0.9937
"2026-07-02 19:33:28,988",2,9,880,0.9929
"2026-07-02 19:35:37,269",2,10,20,0.9573
"2026-07-02 19:35:55,543",2,10,40,0.977
"2026-07-02 19:36:13,962",2,10,60,0.9649
"2026-07-02 19:36:32,444",2,10,80,0.9593
"2026-07-02 19:36:50,769",2,10,100,0.9454
"2026-07-02 19:37:09,070",2,10,120,0.9443
"2026-07-02 19:37:27,325",2,10,140,0.9242
"2026-07-02 19:37:45,586",2,10,160,0.9251
"2026-07-02 19:38:03,851",2,10,180,0.9315
"2026-07-02 19:38:22,217",2,10,200,0.9383
"2026-07-02 19:38:40,477",2,10,220,0.9363
"2026-07-02 19:38:58,730",2,10,240,0.9356
"2026-07-02 19:39:17,067",2,10,260,0.9364
"2026-07-02 19:39:35,329",2,10,280,0.9337
"2026-07-02 19:39:53,581",2,10,300,0.9367
"2026-07-02 19:40:11,861",2,10,320,0.9474
"2026-07-02 19:40:30,154",2,10,340,0.9423
"2026-07-02 19:40:48,531",2,10,360,0.9466
"2026-07-02 19:41:06,779",2,10,380,0.948
"2026-07-02 19:41:25,102",2,10,400,0.9502
"2026-07-02 19:41:43,395",2,10,420,0.9513
"2026-07-02 19:42:01,803",2,10,440,0.9494
"2026-07-02 19:42:20,396",2,10,460,0.9464
"2026-07-02 19:42:38,880",2,10,480,0.9452
"2026-07-02 19:42:57,167",2,10,500,0.9396
"2026-07-02 19:43:15,438",2,10,520,0.9417
"2026-07-02 19:43:33,710",2,10,540,0.9422
"2026-07-02 19:43:52,004",2,10,560,0.9428
"2026-07-02 19:44:10,280",2,10,580,0.9426
"2026-07-02 19:44:28,656",2,10,600,0.9443
"2026-07-02 19:44:46,958",2,10,620,0.9441
"2026-07-02 19:45:05,225",2,10,640,0.9432
"2026-07-02 19:45:23,521",2,10,660,0.9456
"2026-07-02 19:45:41,793",2,10,680,0.9457
"2026-07-02 19:46:00,066",2,10,700,0.9457
"2026-07-02 19:46:18,342",2,10,720,0.9453
"2026-07-02 19:46:36,593",2,10,740,0.9471
"2026-07-02 19:46:54,856",2,10,760,0.9456
"2026-07-02 19:47:13,188",2,10,780,0.9451
"2026-07-02 19:47:31,452",2,10,800,0.9452
"2026-07-02 19:47:49,705",2,10,820,0.9449
"2026-07-02 19:48:07,966",2,10,840,0.943
"2026-07-02 19:48:26,242",2,10,860,0.9443
"2026-07-02 19:48:44,495",2,10,880,0.9411
"2026-07-02 19:50:52,576",2,11,20,0.903
"2026-07-02 19:51:10,830",2,11,40,0.9073
"2026-07-02 19:51:29,086",2,11,60,0.8774
"2026-07-02 19:51:47,360",2,11,80,0.8718
"2026-07-02 19:52:05,625",2,11,100,0.8607
"2026-07-02 19:52:23,932",2,11,120,0.8634
"2026-07-02 19:52:42,193",2,11,140,0.8767
"2026-07-02 19:53:00,461",2,11,160,0.875
"2026-07-02 19:53:18,711",2,11,180,0.8731
"2026-07-02 19:53:36,993",2,11,200,0.8711
"2026-07-02 19:53:55,275",2,11,220,0.8725
"2026-07-02 19:54:13,540",2,11,240,0.8748
"2026-07-02 19:54:31,798",2,11,260,0.8791
"2026-07-02 19:54:50,055",2,11,280,0.8788
"2026-07-02 19:55:08,337",2,11,300,0.884
"2026-07-02 19:55:26,592",2,11,320,0.8892
"2026-07-02 19:55:44,846",2,11,340,0.8943
"2026-07-02 19:56:03,106",2,11,360,0.8976
"2026-07-02 19:56:21,377",2,11,380,0.8948
"2026-07-02 19:56:39,679",2,11,400,0.8936
"2026-07-02 19:56:57,950",2,11,420,0.89
"2026-07-02 19:57:16,240",2,11,440,0.8892
"2026-07-02 19:57:34,505",2,11,460,0.8899
"2026-07-02 19:57:52,754",2,11,480,0.8869
"2026-07-02 19:58:11,017",2,11,500,0.8874
"2026-07-02 19:58:29,287",2,11,520,0.8867
"2026-07-02 19:58:47,649",2,11,540,0.8834
"2026-07-02 19:59:06,105",2,11,560,0.8807
"2026-07-02 19:59:24,423",2,11,580,0.8834
"2026-07-02 19:59:42,753",2,11,600,0.883
"2026-07-02 20:00:01,100",2,11,620,0.8852
"2026-07-02 20:00:19,368",2,11,640,0.884
"2026-07-02 20:00:37,696",2,11,660,0.8844
"2026-07-02 20:00:55,958",2,11,680,0.8859
"2026-07-02 20:01:14,256",2,11,700,0.8841
"2026-07-02 20:01:32,568",2,11,720,0.8824
"2026-07-02 20:01:50,841",2,11,740,0.8805
"2026-07-02 20:02:09,135",2,11,760,0.8791
"2026-07-02 20:02:27,473",2,11,780,0.8774
"2026-07-02 20:02:45,732",2,11,800,0.8797
"2026-07-02 20:03:04,088",2,11,820,0.8814
"2026-07-02 20:03:22,346",2,11,840,0.881
"2026-07-02 20:03:40,600",2,11,860,0.8819
"2026-07-02 20:03:58,867",2,11,880,0.8805
"2026-07-02 20:06:07,644",2,12,20,0.7531
"2026-07-02 20:06:25,921",2,12,40,0.7414
"2026-07-02 20:06:44,178",2,12,60,0.7808
"2026-07-02 20:07:02,535",2,12,80,0.7732
"2026-07-02 20:07:20,966",2,12,100,0.7919
"2026-07-02 20:07:39,224",2,12,120,0.8144
"2026-07-02 20:07:57,457",2,12,140,0.8209
"2026-07-02 20:08:15,711",2,12,160,0.8219
"2026-07-02 20:08:33,974",2,12,180,0.8283
"2026-07-02 20:08:52,227",2,12,200,0.821
"2026-07-02 20:09:10,483",2,12,220,0.827
"2026-07-02 20:09:28,765",2,12,240,0.8257
"2026-07-02 20:09:47,042",2,12,260,0.8229
"2026-07-02 20:10:05,308",2,12,280,0.83
"2026-07-02 20:10:23,565",2,12,300,0.8284
"2026-07-02 20:10:41,879",2,12,320,0.8253
"2026-07-02 20:11:00,181",2,12,340,0.825
"2026-07-02 20:11:18,434",2,12,360,0.8257
"2026-07-02 20:11:36,690",2,12,380,0.8211
"2026-07-02 20:11:54,958",2,12,400,0.8244
"2026-07-02 20:12:13,224",2,12,420,0.8253
"2026-07-02 20:12:31,744",2,12,440,0.8277
"2026-07-02 20:12:49,996",2,12,460,0.8288
"2026-07-02 20:13:08,274",2,12,480,0.8302
"2026-07-02 20:13:26,554",2,12,500,0.8282
"2026-07-02 20:13:44,835",2,12,520,0.8284
"2026-07-02 20:14:03,096",2,12,540,0.8301
"2026-07-02 20:14:21,375",2,12,560,0.8307
"2026-07-02 20:14:39,762",2,12,580,0.8328
"2026-07-02 20:14:58,116",2,12,600,0.8354
"2026-07-02 20:15:16,665",2,12,620,0.833
"2026-07-02 20:15:35,117",2,12,640,0.8344
"2026-07-02 20:15:53,447",2,12,660,0.8335
"2026-07-02 20:16:11,764",2,12,680,0.8328
"2026-07-02 20:16:30,075",2,12,700,0.8331
"2026-07-02 20:16:48,515",2,12,720,0.8316
"2026-07-02 20:17:06,797",2,12,740,0.8312
"2026-07-02 20:17:25,097",2,12,760,0.8279
"2026-07-02 20:17:43,380",2,12,780,0.8265
"2026-07-02 20:18:01,654",2,12,800,0.8263
"2026-07-02 20:18:20,028",2,12,820,0.8275
"2026-07-02 20:18:38,375",2,12,840,0.8274
"2026-07-02 20:18:56,662",2,12,860,0.8278
"2026-07-02 20:19:14,921",2,12,880,0.8288
"2026-07-02 20:21:24,233",2,13,20,0.7713
"2026-07-02 20:21:42,493",2,13,40,0.7717
"2026-07-02 20:22:00,994",2,13,60,0.7747
"2026-07-02 20:22:19,627",2,13,80,0.7926
"2026-07-02 20:22:38,241",2,13,100,0.7897
"2026-07-02 20:22:56,579",2,13,120,0.7843
"2026-07-02 20:23:14,820",2,13,140,0.7899
"2026-07-02 20:23:33,058",2,13,160,0.7791
"2026-07-02 20:23:51,288",2,13,180,0.7792
"2026-07-02 20:24:09,536",2,13,200,0.7736
"2026-07-02 20:24:27,780",2,13,220,0.7767
"2026-07-02 20:24:46,005",2,13,240,0.7699
"2026-07-02 20:25:04,284",2,13,260,0.7684
"2026-07-02 20:25:22,547",2,13,280,0.7787
"2026-07-02 20:25:40,812",2,13,300,0.7772
"2026-07-02 20:25:59,024",2,13,320,0.7824
"2026-07-02 20:26:17,264",2,13,340,0.7839
"2026-07-02 20:26:35,534",2,13,360,0.7785
"2026-07-02 20:26:53,761",2,13,380,0.7766
"2026-07-02 20:27:11,992",2,13,400,0.7765
"2026-07-02 20:27:30,251",2,13,420,0.7751
"2026-07-02 20:27:48,533",2,13,440,0.7769
"2026-07-02 20:28:06,792",2,13,460,0.7789
"2026-07-02 20:28:25,047",2,13,480,0.7768
"2026-07-02 20:28:43,341",2,13,500,0.7767
"2026-07-02 20:29:01,648",2,13,520,0.7771
"2026-07-02 20:29:20,059",2,13,540,0.7779
"2026-07-02 20:29:38,478",2,13,560,0.7801
"2026-07-02 20:29:56,829",2,13,580,0.7804
"2026-07-02 20:30:15,116",2,13,600,0.7785
"2026-07-02 20:30:33,366",2,13,620,0.7778
"2026-07-02 20:30:51,618",2,13,640,0.7755
"2026-07-02 20:31:09,895",2,13,660,0.7768
"2026-07-02 20:31:28,157",2,13,680,0.7794
"2026-07-02 20:31:46,425",2,13,700,0.7782
"2026-07-02 20:32:04,683",2,13,720,0.7776
"2026-07-02 20:32:22,975",2,13,740,0.7776
"2026-07-02 20:32:41,254",2,13,760,0.7782
"2026-07-02 20:32:59,631",2,13,780,0.777
"2026-07-02 20:33:17,939",2,13,800,0.7784
"2026-07-02 20:33:36,230",2,13,820,0.7788
"2026-07-02 20:33:54,539",2,13,840,0.7778
"2026-07-02 20:34:12,873",2,13,860,0.7783
"2026-07-02 20:34:31,207",2,13,880,0.7778
"2026-07-02 20:36:41,137",2,14,20,0.7502
"2026-07-02 20:36:59,398",2,14,40,0.7494
"2026-07-02 20:37:17,958",2,14,60,0.7515
"2026-07-02 20:37:36,354",2,14,80,0.7405
"2026-07-02 20:37:54,629",2,14,100,0.7274
"2026-07-02 20:38:13,131",2,14,120,0.7102
"2026-07-02 20:38:31,426",2,14,140,0.7136
"2026-07-02 20:38:49,687",2,14,160,0.7121
"2026-07-02 20:39:07,965",2,14,180,0.7139
"2026-07-02 20:39:26,221",2,14,200,0.7153
"2026-07-02 20:39:44,474",2,14,220,0.7209
"2026-07-02 20:40:02,737",2,14,240,0.717
"2026-07-02 20:40:21,010",2,14,260,0.7144
"2026-07-02 20:40:39,261",2,14,280,0.7162
"2026-07-02 20:40:57,719",2,14,300,0.7207
"2026-07-02 20:41:16,013",2,14,320,0.7185
"2026-07-02 20:41:34,457",2,14,340,0.7215
"2026-07-02 20:41:52,714",2,14,360,0.7189
"2026-07-02 20:42:11,048",2,14,380,0.7189
"2026-07-02 20:42:29,365",2,14,400,0.7205
"2026-07-02 20:42:47,862",2,14,420,0.7188
"2026-07-02 20:43:06,099",2,14,440,0.7231
"2026-07-02 20:43:24,365",2,14,460,0.7243
"2026-07-02 20:43:42,636",2,14,480,0.7232
"2026-07-02 20:44:00,899",2,14,500,0.72
"2026-07-02 20:44:19,159",2,14,520,0.7204
"2026-07-02 20:44:37,731",2,14,540,0.7229
"2026-07-02 20:44:56,082",2,14,560,0.7226
"2026-07-02 20:45:14,501",2,14,580,0.7241
"2026-07-02 20:45:32,768",2,14,600,0.722
"2026-07-02 20:45:51,043",2,14,620,0.7236
"2026-07-02 20:46:09,434",2,14,640,0.7245
"2026-07-02 20:46:27,749",2,14,660,0.7251
"2026-07-02 20:46:46,011",2,14,680,0.7249
"2026-07-02 20:47:04,292",2,14,700,0.7265
"2026-07-02 20:47:22,562",2,14,720,0.7264
"2026-07-02 20:47:40,821",2,14,740,0.7258
"2026-07-02 20:47:59,087",2,14,760,0.7243
"2026-07-02 20:48:17,350",2,14,780,0.7251
"2026-07-02 20:48:35,604",2,14,800,0.7225
"2026-07-02 20:48:53,999",2,14,820,0.7249
"2026-07-02 20:49:12,285",2,14,840,0.7221
"2026-07-02 20:49:30,543",2,14,860,0.721
"2026-07-02 20:49:48,812",2,14,880,0.7218
"2026-07-02 20:51:58,319",2,15,20,0.6934
"2026-07-02 20:52:16,611",2,15,40,0.6322
"2026-07-02 20:52:34,882",2,15,60,0.6207
"2026-07-02 20:52:53,162",2,15,80,0.6244
"2026-07-02 20:53:11,454",2,15,100,0.615
"2026-07-02 20:53:29,704",2,15,120,0.6377
"2026-07-02 20:53:47,993",2,15,140,0.6413
"2026-07-02 20:54:06,268",2,15,160,0.6526
"2026-07-02 20:54:24,606",2,15,180,0.6531
"2026-07-02 20:54:42,873",2,15,200,0.6514
"2026-07-02 20:55:01,166",2,15,220,0.6604
"2026-07-02 20:55:19,422",2,15,240,0.6616
"2026-07-02 20:55:37,681",2,15,260,0.6648
"2026-07-02 20:55:55,953",2,15,280,0.6672
"2026-07-02 20:56:14,240",2,15,300,0.6642
"2026-07-02 20:56:32,496",2,15,320,0.6644
"2026-07-02 20:56:50,753",2,15,340,0.6685
"2026-07-02 20:57:09,025",2,15,360,0.6682
"2026-07-02 20:57:27,283",2,15,380,0.6691
"2026-07-02 20:57:45,539",2,15,400,0.6701
"2026-07-02 20:58:03,811",2,15,420,0.6675
"2026-07-02 20:58:22,157",2,15,440,0.6658
"2026-07-02 20:58:40,442",2,15,460,0.6652
"2026-07-02 20:58:58,668",2,15,480,0.6672
"2026-07-02 20:59:16,904",2,15,500,0.6687
"2026-07-02 20:59:35,113",2,15,520,0.667
"2026-07-02 20:59:53,314",2,15,540,0.6675
"2026-07-02 21:00:11,554",2,15,560,0.6648
"2026-07-02 21:00:29,822",2,15,580,0.6634
"2026-07-02 21:00:48,075",2,15,600,0.6651
"2026-07-02 21:01:06,322",2,15,620,0.6658
"2026-07-02 21:01:24,576",2,15,640,0.6661
"2026-07-02 21:01:42,841",2,15,660,0.6657
"2026-07-02 21:02:01,085",2,15,680,0.6671
"2026-07-02 21:02:19,352",2,15,700,0.6707
"2026-07-02 21:02:37,612",2,15,720,0.6737
"2026-07-02 21:02:55,874",2,15,740,0.6746
"2026-07-02 21:03:14,118",2,15,760,0.6731
"2026-07-02 21:03:32,369",2,15,780,0.6754
"2026-07-02 21:03:50,634",2,15,800,0.6761
"2026-07-02 21:04:08,887",2,15,820,0.6774
"2026-07-02 21:04:27,239",2,15,840,0.6765
"2026-07-02 21:04:45,508",2,15,860,0.6773
"2026-07-02 21:05:03,781",2,15,880,0.6781
"2026-07-02 21:07:12,883",2,16,20,0.6419
"2026-07-02 21:07:31,197",2,16,40,0.6232
"2026-07-02 21:07:49,485",2,16,60,0.6633
"2026-07-02 21:08:07,976",2,16,80,0.6517
"2026-07-02 21:08:26,300",2,16,100,0.6378
"2026-07-02 21:08:44,811",2,16,120,0.6364
"2026-07-02 21:09:03,158",2,16,140,0.6317
"2026-07-02 21:09:21,458",2,16,160,0.6336
"2026-07-02 21:09:39,839",2,16,180,0.6354
"2026-07-02 21:09:58,223",2,16,200,0.6229
"2026-07-02 21:10:16,593",2,16,220,0.6202
"2026-07-02 21:10:34,938",2,16,240,0.6274
"2026-07-02 21:10:53,307",2,16,260,0.6253
"2026-07-02 21:11:11,691",2,16,280,0.6313
"2026-07-02 21:11:30,203",2,16,300,0.6325
"2026-07-02 21:11:48,691",2,16,320,0.6369
"2026-07-02 21:12:07,101",2,16,340,0.6371
"2026-07-02 21:12:25,532",2,16,360,0.6347
"2026-07-02 21:12:43,826",2,16,380,0.6273
"2026-07-02 21:13:02,190",2,16,400,0.6268
"2026-07-02 21:13:20,601",2,16,420,0.6294
"2026-07-02 21:13:38,848",2,16,440,0.6296
"2026-07-02 21:13:57,111",2,16,460,0.6267
"2026-07-02 21:14:15,405",2,16,480,0.6283
"2026-07-02 21:14:33,691",2,16,500,0.6291
"2026-07-02 21:14:51,999",2,16,520,0.6285
"2026-07-02 21:15:10,257",2,16,540,0.6323
"2026-07-02 21:15:28,524",2,16,560,0.6315
"2026-07-02 21:15:46,888",2,16,580,0.6324
"2026-07-02 21:16:05,135",2,16,600,0.6337
"2026-07-02 21:16:23,498",2,16,620,0.6344
"2026-07-02 21:16:42,128",2,16,640,0.6332
"2026-07-02 21:17:00,374",2,16,660,0.6331
"2026-07-02 21:17:18,630",2,16,680,0.6304
"2026-07-02 21:17:36,887",2,16,700,0.6303
"2026-07-02 21:17:55,135",2,16,720,0.6302
"2026-07-02 21:18:13,387",2,16,740,0.6293
"2026-07-02 21:18:31,735",2,16,760,0.6282
"2026-07-02 21:18:49,989",2,16,780,0.6287
"2026-07-02 21:19:08,241",2,16,800,0.629
"2026-07-02 21:19:26,578",2,16,820,0.6295
"2026-07-02 21:19:44,842",2,16,840,0.6292
"2026-07-02 21:20:03,096",2,16,860,0.628
"2026-07-02 21:20:21,344",2,16,880,0.6283
"2026-07-02 21:22:29,796",2,17,20,0.6075
"2026-07-02 21:22:48,046",2,17,40,0.5961
"2026-07-02 21:23:06,335",2,17,60,0.6009
"2026-07-02 21:23:24,702",2,17,80,0.5945
"2026-07-02 21:23:43,112",2,17,100,0.5874
"2026-07-02 21:24:01,389",2,17,120,0.5875
"2026-07-02 21:24:19,649",2,17,140,0.5912
"2026-07-02 21:24:37,936",2,17,160,0.5866
"2026-07-02 21:24:56,221",2,17,180,0.5778
"2026-07-02 21:25:14,504",2,17,200,0.5803
"2026-07-02 21:25:32,774",2,17,220,0.5782
"2026-07-02 21:25:51,041",2,17,240,0.5787
"2026-07-02 21:26:09,411",2,17,260,0.5794
"2026-07-02 21:26:27,698",2,17,280,0.5789
"2026-07-02 21:26:46,024",2,17,300,0.5808
"2026-07-02 21:27:04,394",2,17,320,0.5827
"2026-07-02 21:27:22,849",2,17,340,0.5809
"2026-07-02 21:27:41,197",2,17,360,0.5803
"2026-07-02 21:27:59,506",2,17,380,0.5837
"2026-07-02 21:28:17,849",2,17,400,0.5844
"2026-07-02 21:28:36,216",2,17,420,0.5834
"2026-07-02 21:28:54,636",2,17,440,0.582
"2026-07-02 21:29:12,979",2,17,460,0.5819
"2026-07-02 21:29:31,298",2,17,480,0.5822
"2026-07-02 21:29:49,597",2,17,500,0.5816
"2026-07-02 21:30:07,840",2,17,520,0.5823
"2026-07-02 21:30:26,165",2,17,540,0.5832
"2026-07-02 21:30:44,422",2,17,560,0.5821
"2026-07-02 21:31:02,703",2,17,580,0.5859
"2026-07-02 21:31:20,972",2,17,600,0.5839
"2026-07-02 21:31:39,219",2,17,620,0.5822
"2026-07-02 21:31:57,481",2,17,640,0.5825
"2026-07-02 21:32:15,734",2,17,660,0.5826
"2026-07-02 21:32:33,979",2,17,680,0.5836
"2026-07-02 21:32:52,230",2,17,700,0.5838
"2026-07-02 21:33:10,494",2,17,720,0.5831
"2026-07-02 21:33:28,806",2,17,740,0.5838
"2026-07-02 21:33:47,195",2,17,760,0.5826
"2026-07-02 21:34:05,450",2,17,780,0.5813
"2026-07-02 21:34:23,722",2,17,800,0.5818
"2026-07-02 21:34:42,169",2,17,820,0.5813
"2026-07-02 21:35:00,419",2,17,840,0.5815
"2026-07-02 21:35:18,670",2,17,860,0.5833
"2026-07-02 21:35:36,979",2,17,880,0.5845
"2026-07-02 21:37:46,107",2,18,20,0.6079
"2026-07-02 21:38:04,538",2,18,40,0.5498
"2026-07-02 21:38:22,827",2,18,60,0.5488
"2026-07-02 21:38:41,267",2,18,80,0.5327
"2026-07-02 21:38:59,530",2,18,100,0.5306
"2026-07-02 21:39:17,779",2,18,120,0.5317
"2026-07-02 21:39:36,027",2,18,140,0.5308
"2026-07-02 21:39:54,294",2,18,160,0.5263
"2026-07-02 21:40:12,554",2,18,180,0.5271
"2026-07-02 21:40:30,807",2,18,200,0.5326
"2026-07-02 21:40:49,055",2,18,220,0.5318
"2026-07-02 21:41:07,331",2,18,240,0.5338
"2026-07-02 21:41:25,577",2,18,260,0.5271
"2026-07-02 21:41:43,825",2,18,280,0.5273
"2026-07-02 21:42:02,076",2,18,300,0.5299
"2026-07-02 21:42:20,340",2,18,320,0.5329
"2026-07-02 21:42:38,627",2,18,340,0.5344
"2026-07-02 21:42:56,934",2,18,360,0.5345
"2026-07-02 21:43:15,262",2,18,380,0.5361
"2026-07-02 21:43:33,567",2,18,400,0.5354
"2026-07-02 21:43:51,888",2,18,420,0.5348
"2026-07-02 21:44:10,227",2,18,440,0.5336
"2026-07-02 21:44:28,516",2,18,460,0.5345
"2026-07-02 21:44:46,885",2,18,480,0.5333
"2026-07-02 21:45:05,245",2,18,500,0.5363
"2026-07-02 21:45:23,597",2,18,520,0.5378
"2026-07-02 21:45:41,920",2,18,540,0.5391
"2026-07-02 21:46:00,307",2,18,560,0.5422
"2026-07-02 21:46:18,692",2,18,580,0.5438
"2026-07-02 21:46:37,058",2,18,600,0.5443
"2026-07-02 21:46:55,431",2,18,620,0.5436
"2026-07-02 21:47:13,821",2,18,640,0.5442
"2026-07-02 21:47:32,164",2,18,660,0.545
"2026-07-02 21:47:50,450",2,18,680,0.5455
"2026-07-02 21:48:08,774",2,18,700,0.5473
"2026-07-02 21:48:27,057",2,18,720,0.5475
"2026-07-02 21:48:45,386",2,18,740,0.5466
"2026-07-02 21:49:03,664",2,18,760,0.5478
"2026-07-02 21:49:21,916",2,18,780,0.5495
"2026-07-02 21:49:40,164",2,18,800,0.5492
"2026-07-02 21:49:58,429",2,18,820,0.5483
"2026-07-02 21:50:16,687",2,18,840,0.5481
"2026-07-02 21:50:34,931",2,18,860,0.5488
"2026-07-02 21:50:53,186",2,18,880,0.5494
"2026-07-02 21:53:01,250",2,19,20,0.4503
"2026-07-02 21:53:19,508",2,19,40,0.4672
"2026-07-02 21:53:37,765",2,19,60,0.4815
"2026-07-02 21:53:56,017",2,19,80,0.4859
"2026-07-02 21:54:14,263",2,19,100,0.4831
"2026-07-02 21:54:32,525",2,19,120,0.4824
"2026-07-02 21:54:50,757",2,19,140,0.4866
"2026-07-02 21:55:09,008",2,19,160,0.4891
"2026-07-02 21:55:27,256",2,19,180,0.491
"2026-07-02 21:55:45,520",2,19,200,0.4956
"2026-07-02 21:56:03,848",2,19,220,0.498
"2026-07-02 21:56:22,170",2,19,240,0.4971
"2026-07-02 21:56:40,487",2,19,260,0.4991
"2026-07-02 21:56:58,805",2,19,280,0.4984
"2026-07-02 21:57:17,175",2,19,300,0.5021
"2026-07-02 21:57:35,566",2,19,320,0.507
"2026-07-02 21:57:53,951",2,19,340,0.508
"2026-07-02 21:58:12,328",2,19,360,0.5122
"2026-07-02 21:58:30,715",2,19,380,0.5073
"2026-07-02 21:58:49,098",2,19,400,0.5098
"2026-07-02 21:59:07,401",2,19,420,0.5112
"2026-07-02 21:59:25,650",2,19,440,0.5093
"2026-07-02 21:59:43,899",2,19,460,0.5109
"2026-07-02 22:00:02,155",2,19,480,0.5115
"2026-07-02 22:00:20,419",2,19,500,0.5108
"2026-07-02 22:00:38,672",2,19,520,0.5114
"2026-07-02 22:00:56,920",2,19,540,0.5116
"2026-07-02 22:01:15,342",2,19,560,0.5123
"2026-07-02 22:01:33,753",2,19,580,0.512
"2026-07-02 22:01:52,182",2,19,600,0.5126
"2026-07-02 22:02:10,627",2,19,620,0.5131
"2026-07-02 22:02:29,070",2,19,640,0.513
"2026-07-02 22:02:47,509",2,19,660,0.5141
"2026-07-02 22:03:06,045",2,19,680,0.5149
"2026-07-02 22:03:24,491",2,19,700,0.5144
"2026-07-02 22:03:42,941",2,19,720,0.5136
"2026-07-02 22:04:01,382",2,19,740,0.5126
"2026-07-02 22:04:19,849",2,19,760,0.5121
"2026-07-02 22:04:38,258",2,19,780,0.5124
"2026-07-02 22:04:56,520",2,19,800,0.5107
"2026-07-02 22:05:14,794",2,19,820,0.5116
"2026-07-02 22:05:33,134",2,19,840,0.5122
"2026-07-02 22:05:51,511",2,19,860,0.5127
"2026-07-02 22:06:09,888",2,19,880,0.5122
"2026-07-02 22:08:18,564",2,20,20,0.4731
"2026-07-02 22:08:36,812",2,20,40,0.4613
"2026-07-02 22:08:55,065",2,20,60,0.4474
"2026-07-02 22:09:13,328",2,20,80,0.457
"2026-07-02 22:09:31,584",2,20,100,0.4632
"2026-07-02 22:09:49,831",2,20,120,0.4645
"2026-07-02 22:10:08,087",2,20,140,0.4763
"2026-07-02 22:10:26,354",2,20,160,0.4767
"2026-07-02 22:10:44,599",2,20,180,0.4827
"2026-07-02 22:11:02,848",2,20,200,0.4818
"2026-07-02 22:11:21,208",2,20,220,0.4827
"2026-07-02 22:11:39,423",2,20,240,0.481
"2026-07-02 22:11:57,677",2,20,260,0.4806
"2026-07-02 22:12:16,008",2,20,280,0.4832
"2026-07-02 22:12:34,298",2,20,300,0.4822
"2026-07-02 22:12:52,552",2,20,320,0.4789
"2026-07-02 22:13:10,799",2,20,340,0.4818
"2026-07-02 22:13:29,052",2,20,360,0.4811
"2026-07-02 22:13:47,321",2,20,380,0.4818
"2026-07-02 22:14:05,575",2,20,400,0.478
"2026-07-02 22:14:23,819",2,20,420,0.4797
"2026-07-02 22:14:42,082",2,20,440,0.4783
"2026-07-02 22:15:00,344",2,20,460,0.4777
"2026-07-02 22:15:18,583",2,20,480,0.4782
"2026-07-02 22:15:36,830",2,20,500,0.4785
"2026-07-02 22:15:55,087",2,20,520,0.4814
"2026-07-02 22:16:13,341",2,20,540,0.4818
"2026-07-02 22:16:31,687",2,20,560,0.4818
"2026-07-02 22:16:49,953",2,20,580,0.4834
"2026-07-02 22:17:08,223",2,20,600,0.4848
"2026-07-02 22:17:26,638",2,20,620,0.4838
"2026-07-02 22:17:45,229",2,20,640,0.4824
"2026-07-02 22:18:03,563",2,20,660,0.4844
"2026-07-02 22:18:21,857",2,20,680,0.4841
"2026-07-02 22:18:40,176",2,20,700,0.4861
"2026-07-02 22:18:58,537",2,20,720,0.4856
"2026-07-02 22:19:16,876",2,20,740,0.4866
"2026-07-02 22:19:35,315",2,20,760,0.4873
"2026-07-02 22:19:53,699",2,20,780,0.487
"2026-07-02 22:20:12,004",2,20,800,0.4893
"2026-07-02 22:20:30,327",2,20,820,0.489
"2026-07-02 22:20:48,658",2,20,840,0.4899
"2026-07-02 22:21:07,013",2,20,860,0.4908
"2026-07-02 22:21:25,531",2,20,880,0.4906
"2026-07-02 22:23:35,456",2,21,20,0.4001
"2026-07-02 22:23:53,725",2,21,40,0.4507
"2026-07-02 22:24:11,997",2,21,60,0.4332
"2026-07-02 22:24:30,244",2,21,80,0.4328
"2026-07-02 22:24:48,499",2,21,100,0.4358
"2026-07-02 22:25:06,757",2,21,120,0.4334
"2026-07-02 22:25:25,022",2,21,140,0.4318
"2026-07-02 22:25:43,270",2,21,160,0.4283
"2026-07-02 22:26:01,535",2,21,180,0.4355
"2026-07-02 22:26:19,817",2,21,200,0.4363
"2026-07-02 22:26:38,064",2,21,220,0.4371
"2026-07-02 22:26:56,316",2,21,240,0.4421
"2026-07-02 22:27:14,580",2,21,260,0.4448
"2026-07-02 22:27:32,839",2,21,280,0.4446
"2026-07-02 22:27:51,093",2,21,300,0.4458
"2026-07-02 22:28:09,348",2,21,320,0.4464
"2026-07-02 22:28:27,662",2,21,340,0.4451
"2026-07-02 22:28:45,910",2,21,360,0.4478
"2026-07-02 22:29:04,161",2,21,380,0.4492
"2026-07-02 22:29:22,421",2,21,400,0.4457
"2026-07-02 22:29:40,684",2,21,420,0.447
"2026-07-02 22:29:58,932",2,21,440,0.4488
"2026-07-02 22:30:17,183",2,21,460,0.4493
"2026-07-02 22:30:35,451",2,21,480,0.4507
"2026-07-02 22:30:53,709",2,21,500,0.451
"2026-07-02 22:31:11,960",2,21,520,0.4517
"2026-07-02 22:31:30,213",2,21,540,0.4503
"2026-07-02 22:31:48,481",2,21,560,0.4513
"2026-07-02 22:32:06,732",2,21,580,0.4512
"2026-07-02 22:32:25,280",2,21,600,0.451
"2026-07-02 22:32:43,600",2,21,620,0.4525
"2026-07-02 22:33:01,868",2,21,640,0.4523
"2026-07-02 22:33:20,109",2,21,660,0.4531
"2026-07-02 22:33:38,351",2,21,680,0.4533
"2026-07-02 22:33:56,632",2,21,700,0.4541
"2026-07-02 22:34:14,885",2,21,720,0.454
"2026-07-02 22:34:33,188",2,21,740,0.4558
"2026-07-02 22:34:51,497",2,21,760,0.4559
"2026-07-02 22:35:09,764",2,21,780,0.4569
"2026-07-02 22:35:28,087",2,21,800,0.4563
"2026-07-02 22:35:46,439",2,21,820,0.4568
"2026-07-02 22:36:04,848",2,21,840,0.4568
"2026-07-02 22:36:23,167",2,21,860,0.4562
"2026-07-02 22:36:41,477",2,21,880,0.4571
"2026-07-02 22:38:51,130",2,22,20,0.4366
"2026-07-02 22:39:09,553",2,22,40,0.4703
"2026-07-02 22:39:27,989",2,22,60,0.4528
"2026-07-02 22:39:46,385",2,22,80,0.4509
"2026-07-02 22:40:04,978",2,22,100,0.4489
"2026-07-02 22:40:23,411",2,22,120,0.4437
"2026-07-02 22:40:41,766",2,22,140,0.4394
"2026-07-02 22:41:00,059",2,22,160,0.4396
"2026-07-02 22:41:18,444",2,22,180,0.4367
"2026-07-02 22:41:36,730",2,22,200,0.4443
"2026-07-02 22:41:54,994",2,22,220,0.4417
"2026-07-02 22:42:13,284",2,22,240,0.4402
"2026-07-02 22:42:31,554",2,22,260,0.4377
"2026-07-02 22:42:49,828",2,22,280,0.4397
"2026-07-02 22:43:08,114",2,22,300,0.4393
"2026-07-02 22:43:26,363",2,22,320,0.4349
"2026-07-02 22:43:44,604",2,22,340,0.4353
"2026-07-02 22:44:02,964",2,22,360,0.435
"2026-07-02 22:44:21,461",2,22,380,0.4347
"2026-07-02 22:44:39,971",2,22,400,0.4362
"2026-07-02 22:44:58,225",2,22,420,0.4357
"2026-07-02 22:45:16,494",2,22,440,0.4347
"2026-07-02 22:45:34,787",2,22,460,0.4369
"2026-07-02 22:45:53,034",2,22,480,0.4374
"2026-07-02 22:46:11,433",2,22,500,0.4368
"2026-07-02 22:46:29,716",2,22,520,0.4401
"2026-07-02 22:46:48,119",2,22,540,0.4398
"2026-07-02 22:47:06,370",2,22,560,0.4393
"2026-07-02 22:47:24,629",2,22,580,0.4388
"2026-07-02 22:47:42,897",2,22,600,0.4388
"2026-07-02 22:48:01,151",2,22,620,0.4391
"2026-07-02 22:48:19,402",2,22,640,0.4396
"2026-07-02 22:48:37,667",2,22,660,0.4404
"2026-07-02 22:48:56,162",2,22,680,0.4406
"2026-07-02 22:49:14,516",2,22,700,0.441
"2026-07-02 22:49:32,771",2,22,720,0.4405
"2026-07-02 22:49:51,037",2,22,740,0.4395
"2026-07-02 22:50:09,372",2,22,760,0.4387
"2026-07-02 22:50:27,623",2,22,780,0.4389
"2026-07-02 22:50:45,878",2,22,800,0.4391
"2026-07-02 22:51:04,376",2,22,820,0.4396
"2026-07-02 22:51:22,624",2,22,840,0.4398
"2026-07-02 22:51:40,916",2,22,860,0.4405
"2026-07-02 22:51:59,179",2,22,880,0.4415
"2026-07-02 22:54:08,269",2,23,20,0.3894
"2026-07-02 22:54:26,572",2,23,40,0.4022
"2026-07-02 22:54:45,023",2,23,60,0.4096
"2026-07-02 22:55:03,358",2,23,80,0.4047
"2026-07-02 22:55:21,666",2,23,100,0.4099
"2026-07-02 22:55:40,015",2,23,120,0.4037
"2026-07-02 22:55:58,405",2,23,140,0.4064
"2026-07-02 22:56:16,774",2,23,160,0.4067
"2026-07-02 22:56:35,097",2,23,180,0.4019
"2026-07-02 22:56:53,451",2,23,200,0.402
"2026-07-02 22:57:11,743",2,23,220,0.4022
"2026-07-02 22:57:30,056",2,23,240,0.401
"2026-07-02 22:57:48,323",2,23,260,0.4002
"2026-07-02 22:58:06,670",2,23,280,0.3997
"2026-07-02 22:58:24,983",2,23,300,0.401
"2026-07-02 22:58:43,266",2,23,320,0.404
"2026-07-02 22:59:01,528",2,23,340,0.4062
"2026-07-02 22:59:19,781",2,23,360,0.4078
"2026-07-02 22:59:38,030",2,23,380,0.41
"2026-07-02 22:59:56,296",2,23,400,0.4098
"2026-07-02 23:00:14,545",2,23,420,0.4083
"2026-07-02 23:00:32,879",2,23,440,0.4098
"2026-07-02 23:00:51,138",2,23,460,0.4129
"2026-07-02 23:01:09,410",2,23,480,0.4127
"2026-07-02 23:01:27,681",2,23,500,0.4124
"2026-07-02 23:01:45,927",2,23,520,0.4131
"2026-07-02 23:02:04,189",2,23,540,0.4152
"2026-07-02 23:02:22,491",2,23,560,0.4155
"2026-07-02 23:02:40,733",2,23,580,0.4163
"2026-07-02 23:02:58,981",2,23,600,0.4178
"2026-07-02 23:03:17,241",2,23,620,0.4197
"2026-07-02 23:03:35,500",2,23,640,0.4208
"2026-07-02 23:03:53,865",2,23,660,0.4207
"2026-07-02 23:04:12,116",2,23,680,0.4216
"2026-07-02 23:04:30,390",2,23,700,0.4213
"2026-07-02 23:04:48,642",2,23,720,0.4219
"2026-07-02 23:05:06,893",2,23,740,0.4231
"2026-07-02 23:05:25,226",2,23,760,0.4221
"2026-07-02 23:05:43,488",2,23,780,0.4214
"2026-07-02 23:06:01,736",2,23,800,0.4223
"2026-07-02 23:06:19,981",2,23,820,0.4231
"2026-07-02 23:06:38,244",2,23,840,0.4235
"2026-07-02 23:06:56,503",2,23,860,0.4234
"2026-07-02 23:07:14,754",2,23,880,0.4229
"2026-07-02 23:09:23,326",2,24,20,0.4194
"2026-07-02 23:09:41,579",2,24,40,0.4117
"2026-07-02 23:09:59,838",2,24,60,0.4137
"2026-07-02 23:10:18,099",2,24,80,0.4133
"2026-07-02 23:10:36,349",2,24,100,0.4095
"2026-07-02 23:10:54,618",2,24,120,0.4114
"2026-07-02 23:11:12,925",2,24,140,0.4063
"2026-07-02 23:11:31,172",2,24,160,0.4077
"2026-07-02 23:11:49,420",2,24,180,0.4089
"2026-07-02 23:12:07,697",2,24,200,0.4102
"2026-07-02 23:12:25,988",2,24,220,0.4098
"2026-07-02 23:12:44,335",2,24,240,0.4046
"2026-07-02 23:13:02,635",2,24,260,0.4031
"2026-07-02 23:13:20,898",2,24,280,0.4019
"2026-07-02 23:13:39,218",2,24,300,0.4034
"2026-07-02 23:13:57,581",2,24,320,0.4041
"2026-07-02 23:14:15,932",2,24,340,0.4041
"2026-07-02 23:14:34,234",2,24,360,0.4024
"2026-07-02 23:14:52,543",2,24,380,0.4035
"2026-07-02 23:15:10,814",2,24,400,0.4032
"2026-07-02 23:15:29,063",2,24,420,0.404
"2026-07-02 23:15:47,457",2,24,440,0.401
"2026-07-02 23:16:05,740",2,24,460,0.3991
"2026-07-02 23:16:23,992",2,24,480,0.3984
"2026-07-02 23:16:42,286",2,24,500,0.3996
"2026-07-02 23:17:00,542",2,24,520,0.4013
"2026-07-02 23:17:18,787",2,24,540,0.4006
"2026-07-02 23:17:37,037",2,24,560,0.4002
"2026-07-02 23:17:55,298",2,24,580,0.4001
"2026-07-02 23:18:13,553",2,24,600,0.4012
"2026-07-02 23:18:31,819",2,24,620,0.3999
"2026-07-02 23:18:50,071",2,24,640,0.4018
"2026-07-02 23:19:08,335",2,24,660,0.4012
"2026-07-02 23:19:26,592",2,24,680,0.4025
"2026-07-02 23:19:44,841",2,24,700,0.4028
"2026-07-02 23:20:03,100",2,24,720,0.4023
"2026-07-02 23:20:21,364",2,24,740,0.4021
"2026-07-02 23:20:39,652",2,24,760,0.4033
"2026-07-02 23:20:57,978",2,24,780,0.4038
"2026-07-02 23:21:16,544",2,24,800,0.4049
"2026-07-02 23:21:34,807",2,24,820,0.4055
"2026-07-02 23:21:53,056",2,24,840,0.4062
"2026-07-02 23:22:11,307",2,24,860,0.406
"2026-07-02 23:22:29,537",2,24,880,0.4063
"2026-07-02 23:24:38,448",2,25,20,0.3636
"2026-07-02 23:24:56,700",2,25,40,0.3678
"2026-07-02 23:25:14,944",2,25,60,0.3759
"2026-07-02 23:25:33,255",2,25,80,0.3838
"2026-07-02 23:25:51,517",2,25,100,0.3892
"2026-07-02 23:26:09,993",2,25,120,0.3844
"2026-07-02 23:26:28,262",2,25,140,0.3845
"2026-07-02 23:26:46,611",2,25,160,0.3856
"2026-07-02 23:27:04,955",2,25,180,0.3867
"2026-07-02 23:27:23,197",2,25,200,0.3917
"2026-07-02 23:27:41,621",2,25,220,0.3953
"2026-07-02 23:27:59,963",2,25,240,0.3971
"2026-07-02 23:28:18,343",2,25,260,0.3945
"2026-07-02 23:28:36,827",2,25,280,0.3928
"2026-07-02 23:28:55,220",2,25,300,0.3934
"2026-07-02 23:29:13,607",2,25,320,0.3919
"2026-07-02 23:29:31,902",2,25,340,0.3941
"2026-07-02 23:29:50,236",2,25,360,0.395
"2026-07-02 23:30:08,562",2,25,380,0.3948
"2026-07-02 23:30:26,905",2,25,400,0.3947
"2026-07-02 23:30:45,349",2,25,420,0.3925
"2026-07-02 23:31:03,716",2,25,440,0.3935
"2026-07-02 23:31:22,075",2,25,460,0.3939
"2026-07-02 23:31:40,391",2,25,480,0.3954
"2026-07-02 23:31:58,838",2,25,500,0.3955
"2026-07-02 23:32:17,176",2,25,520,0.3942
"2026-07-02 23:32:35,486",2,25,540,0.3934
"2026-07-02 23:32:53,788",2,25,560,0.3949
"2026-07-02 23:33:12,072",2,25,580,0.3953
"2026-07-02 23:33:30,379",2,25,600,0.3969
"2026-07-02 23:33:48,644",2,25,620,0.3958
"2026-07-02 23:34:07,046",2,25,640,0.3946
"2026-07-02 23:34:25,354",2,25,660,0.3933
"2026-07-02 23:34:43,636",2,25,680,0.3926
"2026-07-02 23:35:01,900",2,25,700,0.3932
"2026-07-02 23:35:20,146",2,25,720,0.394
"2026-07-02 23:35:38,397",2,25,740,0.3941
"2026-07-02 23:35:56,747",2,25,760,0.3948
"2026-07-02 23:36:15,098",2,25,780,0.3936
"2026-07-02 23:36:33,344",2,25,800,0.3942
"2026-07-02 23:36:51,596",2,25,820,0.3943
"2026-07-02 23:37:09,883",2,25,840,0.3954
"2026-07-02 23:37:28,230",2,25,860,0.3959
"2026-07-02 23:37:46,574",2,25,880,0.3961
"2026-07-02 23:39:55,107",2,26,20,0.3838
"2026-07-02 23:40:13,358",2,26,40,0.4092
"2026-07-02 23:40:31,706",2,26,60,0.4071
"2026-07-02 23:40:49,956",2,26,80,0.3976
"2026-07-02 23:41:08,224",2,26,100,0.3978
"2026-07-02 23:41:26,479",2,26,120,0.3971
"2026-07-02 23:41:44,962",2,26,140,0.3995
"2026-07-02 23:42:03,266",2,26,160,0.3938
"2026-07-02 23:42:21,558",2,26,180,0.3935
"2026-07-02 23:42:39,822",2,26,200,0.3909
"2026-07-02 23:42:58,084",2,26,220,0.3928
"2026-07-02 23:43:16,325",2,26,240,0.391
"2026-07-02 23:43:34,677",2,26,260,0.3926
"2026-07-02 23:43:52,939",2,26,280,0.3917
"2026-07-02 23:44:11,219",2,26,300,0.3912
"2026-07-02 23:44:29,526",2,26,320,0.3906
"2026-07-02 23:44:47,777",2,26,340,0.3887
"2026-07-02 23:45:06,067",2,26,360,0.386
"2026-07-02 23:45:24,434",2,26,380,0.3852
"2026-07-02 23:45:42,802",2,26,400,0.3853
"2026-07-02 23:46:01,078",2,26,420,0.3867
"2026-07-02 23:46:19,411",2,26,440,0.3858
"2026-07-02 23:46:37,726",2,26,460,0.3853
"2026-07-02 23:46:56,055",2,26,480,0.3844
"2026-07-02 23:47:14,391",2,26,500,0.3832
"2026-07-02 23:47:32,822",2,26,520,0.3834
"2026-07-02 23:47:51,144",2,26,540,0.3843
"2026-07-02 23:48:09,629",2,26,560,0.3842
"2026-07-02 23:48:28,014",2,26,580,0.3848
"2026-07-02 23:48:46,318",2,26,600,0.3839
"2026-07-02 23:49:04,638",2,26,620,0.3864
"2026-07-02 23:49:22,976",2,26,640,0.3861
"2026-07-02 23:49:41,302",2,26,660,0.3867
"2026-07-02 23:49:59,708",2,26,680,0.3864
"2026-07-02 23:50:18,236",2,26,700,0.3856
"2026-07-02 23:50:36,643",2,26,720,0.3862
"2026-07-02 23:50:54,936",2,26,740,0.3866
"2026-07-02 23:51:13,242",2,26,760,0.3867
"2026-07-02 23:51:31,551",2,26,780,0.3863
"2026-07-02 23:51:49,954",2,26,800,0.3869
"2026-07-02 23:52:08,341",2,26,820,0.3865
"2026-07-02 23:52:26,591",2,26,840,0.3869
"2026-07-02 23:52:44,849",2,26,860,0.3874
"2026-07-02 23:53:03,251",2,26,880,0.3865
"2026-07-02 23:55:11,955",2,27,20,0.3522
"2026-07-02 23:55:30,284",2,27,40,0.3489
"2026-07-02 23:55:48,548",2,27,60,0.3635
"2026-07-02 23:56:06,846",2,27,80,0.3572
"2026-07-02 23:56:25,120",2,27,100,0.359
"2026-07-02 23:56:43,366",2,27,120,0.3586
"2026-07-02 23:57:01,700",2,27,140,0.3681
"2026-07-02 23:57:19,960",2,27,160,0.3691
"2026-07-02 23:57:38,330",2,27,180,0.3701
"2026-07-02 23:57:56,722",2,27,200,0.3723
"2026-07-02 23:58:14,973",2,27,220,0.3749
"2026-07-02 23:58:33,244",2,27,240,0.3728
"2026-07-02 23:58:51,491",2,27,260,0.3738
"2026-07-02 23:59:09,742",2,27,280,0.3771
"2026-07-02 23:59:28,074",2,27,300,0.3765
"2026-07-02 23:59:46,404",2,27,320,0.3769
"2026-07-03 00:00:04,651",2,27,340,0.3754
"2026-07-03 00:00:23,004",2,27,360,0.3766
"2026-07-03 00:00:41,299",2,27,380,0.3783
"2026-07-03 00:00:59,806",2,27,400,0.3801
"2026-07-03 00:01:18,390",2,27,420,0.3801
"2026-07-03 00:01:36,758",2,27,440,0.3799
"2026-07-03 00:01:55,025",2,27,460,0.3798
"2026-07-03 00:02:13,281",2,27,480,0.3803
"2026-07-03 00:02:31,528",2,27,500,0.3809
"2026-07-03 00:02:49,924",2,27,520,0.3809
"2026-07-03 00:03:08,600",2,27,540,0.3811
"2026-07-03 00:03:26,864",2,27,560,0.3813
"2026-07-03 00:03:45,120",2,27,580,0.3812
"2026-07-03 00:04:03,382",2,27,600,0.3804
"2026-07-03 00:04:21,661",2,27,620,0.3793
"2026-07-03 00:04:40,177",2,27,640,0.3786
"2026-07-03 00:04:58,563",2,27,660,0.3799
"2026-07-03 00:05:16,893",2,27,680,0.3801
"2026-07-03 00:05:35,256",2,27,700,0.3794
"2026-07-03 00:05:53,630",2,27,720,0.3795
"2026-07-03 00:06:12,199",2,27,740,0.3796
"2026-07-03 00:06:30,720",2,27,760,0.3797
"2026-07-03 00:06:49,117",2,27,780,0.3782
"2026-07-03 00:07:07,490",2,27,800,0.3777
"2026-07-03 00:07:25,838",2,27,820,0.3783
"2026-07-03 00:07:44,160",2,27,840,0.3778
"2026-07-03 00:08:02,570",2,27,860,0.3773
"2026-07-03 00:08:20,960",2,27,880,0.3785
"2026-07-03 00:10:31,093",2,28,20,0.3433
"2026-07-03 00:10:49,372",2,28,40,0.358
"2026-07-03 00:11:07,632",2,28,60,0.3582
"2026-07-03 00:11:25,876",2,28,80,0.354
"2026-07-03 00:11:44,119",2,28,100,0.3635
"2026-07-03 00:12:02,388",2,28,120,0.3632
"2026-07-03 00:12:20,641",2,28,140,0.369
"2026-07-03 00:12:38,911",2,28,160,0.3716
"2026-07-03 00:12:57,382",2,28,180,0.3718
"2026-07-03 00:13:15,645",2,28,200,0.3732
"2026-07-03 00:13:33,898",2,28,220,0.3736
"2026-07-03 00:13:52,146",2,28,240,0.3757
"2026-07-03 00:14:10,399",2,28,260,0.3752
"2026-07-03 00:14:28,686",2,28,280,0.3758
"2026-07-03 00:14:46,932",2,28,300,0.3758
"2026-07-03 00:15:05,182",2,28,320,0.3769
"2026-07-03 00:15:23,443",2,28,340,0.375
"2026-07-03 00:15:41,699",2,28,360,0.375
"2026-07-03 00:15:59,950",2,28,380,0.375
"2026-07-03 00:16:18,198",2,28,400,0.3753
"2026-07-03 00:16:36,469",2,28,420,0.3747
"2026-07-03 00:16:54,755",2,28,440,0.3748
"2026-07-03 00:17:13,006",2,28,460,0.3743
"2026-07-03 00:17:31,263",2,28,480,0.3741
"2026-07-03 00:17:49,530",2,28,500,0.3731
"2026-07-03 00:18:07,783",2,28,520,0.3719
"2026-07-03 00:18:26,034",2,28,540,0.3708
"2026-07-03 00:18:44,296",2,28,560,0.3716
"2026-07-03 00:19:02,648",2,28,580,0.3728
"2026-07-03 00:19:21,034",2,28,600,0.3745
"2026-07-03 00:19:39,283",2,28,620,0.3749
"2026-07-03 00:19:57,547",2,28,640,0.3751
"2026-07-03 00:20:15,801",2,28,660,0.3751
"2026-07-03 00:20:34,066",2,28,680,0.3752
"2026-07-03 00:20:52,317",2,28,700,0.3766
"2026-07-03 00:21:10,583",2,28,720,0.3768
"2026-07-03 00:21:28,847",2,28,740,0.3771
"2026-07-03 00:21:47,129",2,28,760,0.3777
"2026-07-03 00:22:05,400",2,28,780,0.378
"2026-07-03 00:22:23,656",2,28,800,0.3771
"2026-07-03 00:22:41,962",2,28,820,0.3772
"2026-07-03 00:23:00,210",2,28,840,0.3777
"2026-07-03 00:23:18,473",2,28,860,0.3773
"2026-07-03 00:23:36,986",2,28,880,0.3768
"2026-07-03 00:25:46,775",2,29,20,0.3649
"2026-07-03 00:26:05,154",2,29,40,0.3758
"2026-07-03 00:26:23,507",2,29,60,0.3668
"2026-07-03 00:26:41,825",2,29,80,0.3768
"2026-07-03 00:27:00,221",2,29,100,0.3822
"2026-07-03 00:27:18,690",2,29,120,0.3851
"2026-07-03 00:27:37,163",2,29,140,0.3795
"2026-07-03 00:27:55,482",2,29,160,0.3801
"2026-07-03 00:28:13,848",2,29,180,0.3809
"2026-07-03 00:28:32,178",2,29,200,0.3791
"2026-07-03 00:28:50,473",2,29,220,0.3791
"2026-07-03 00:29:08,816",2,29,240,0.3773
"2026-07-03 00:29:27,060",2,29,260,0.3763
"2026-07-03 00:29:45,307",2,29,280,0.3764
"2026-07-03 00:30:03,580",2,29,300,0.3751
"2026-07-03 00:30:21,832",2,29,320,0.3777
"2026-07-03 00:30:40,199",2,29,340,0.378
"2026-07-03 00:30:58,447",2,29,360,0.3783
"2026-07-03 00:31:16,712",2,29,380,0.382
"2026-07-03 00:31:34,962",2,29,400,0.3814
"2026-07-03 00:31:53,210",2,29,420,0.3806
"2026-07-03 00:32:11,467",2,29,440,0.3788
"2026-07-03 00:32:29,787",2,29,460,0.3763
"2026-07-03 00:32:48,177",2,29,480,0.3758
"2026-07-03 00:33:06,428",2,29,500,0.3759
"2026-07-03 00:33:24,698",2,29,520,0.3763
"2026-07-03 00:33:42,952",2,29,540,0.3753
"2026-07-03 00:34:01,200",2,29,560,0.3749
"2026-07-03 00:34:19,449",2,29,580,0.3751
"2026-07-03 00:34:37,723",2,29,600,0.3748
"2026-07-03 00:34:56,072",2,29,620,0.3756
"2026-07-03 00:35:14,525",2,29,640,0.3767
"2026-07-03 00:35:32,782",2,29,660,0.3758
"2026-07-03 00:35:51,044",2,29,680,0.3753
"2026-07-03 00:36:09,295",2,29,700,0.375
"2026-07-03 00:36:27,540",2,29,720,0.3745
"2026-07-03 00:36:45,807",2,29,740,0.375
"2026-07-03 00:37:04,062",2,29,760,0.3735
"2026-07-03 00:37:22,308",2,29,780,0.3732
"2026-07-03 00:37:40,579",2,29,800,0.3727
"2026-07-03 00:37:58,844",2,29,820,0.3721
"2026-07-03 00:38:17,101",2,29,840,0.3725
"2026-07-03 00:38:35,368",2,29,860,0.3718
"2026-07-03 00:38:53,633",2,29,880,0.3715
"2026-07-03 00:41:02,883",2,30,20,0.3826
"2026-07-03 00:41:21,146",2,30,40,0.3737
"2026-07-03 00:41:39,459",2,30,60,0.381
"2026-07-03 00:41:57,811",2,30,80,0.3764
"2026-07-03 00:42:16,175",2,30,100,0.3741
"2026-07-03 00:42:34,441",2,30,120,0.3735
"2026-07-03 00:42:52,750",2,30,140,0.3736
"2026-07-03 00:43:11,073",2,30,160,0.3716
"2026-07-03 00:43:29,431",2,30,180,0.3699
"2026-07-03 00:43:47,718",2,30,200,0.372
"2026-07-03 00:44:06,058",2,30,220,0.3747
"2026-07-03 00:44:24,369",2,30,240,0.3751
"2026-07-03 00:44:42,695",2,30,260,0.3742
"2026-07-03 00:45:01,011",2,30,280,0.3726
"2026-07-03 00:45:19,298",2,30,300,0.3744
"2026-07-03 00:45:37,604",2,30,320,0.3738
"2026-07-03 00:45:56,283",2,30,340,0.3734
"2026-07-03 00:46:14,790",2,30,360,0.3758
"2026-07-03 00:46:33,264",2,30,380,0.3743
"2026-07-03 00:46:51,821",2,30,400,0.3727
"2026-07-03 00:47:10,174",2,30,420,0.3728
"2026-07-03 00:47:28,441",2,30,440,0.3739
"2026-07-03 00:47:46,687",2,30,460,0.3755
"2026-07-03 00:48:04,951",2,30,480,0.3746
"2026-07-03 00:48:23,305",2,30,500,0.3744
"2026-07-03 00:48:41,634",2,30,520,0.3745
"2026-07-03 00:49:00,045",2,30,540,0.3746
"2026-07-03 00:49:18,505",2,30,560,0.3749
"2026-07-03 00:49:36,757",2,30,580,0.3741
"2026-07-03 00:49:55,006",2,30,600,0.3745
"2026-07-03 00:50:13,267",2,30,620,0.374
"2026-07-03 00:50:31,535",2,30,640,0.373
"2026-07-03 00:50:49,782",2,30,660,0.372
"2026-07-03 00:51:08,034",2,30,680,0.3711
"2026-07-03 00:51:26,297",2,30,700,0.3714
"2026-07-03 00:51:44,563",2,30,720,0.3709
"2026-07-03 00:52:02,809",2,30,740,0.3718
"2026-07-03 00:52:21,205",2,30,760,0.3724
"2026-07-03 00:52:39,476",2,30,780,0.3719
"2026-07-03 00:52:57,746",2,30,800,0.3715
"2026-07-03 00:53:15,997",2,30,820,0.371
"2026-07-03 00:53:34,253",2,30,840,0.3709
"2026-07-03 00:53:52,537",2,30,860,0.3716
"2026-07-03 00:54:10,790",2,30,880,0.371
